ID,Age,Gender,Education,Country,Ethnicity,Nscore,Escore,Oscore,Ascore,Cscore,Impulsive,SensationSeeing,Alcohol
1,2,1,5,5,3,39,36,42,37,42,3,2,1
2,1,0,8,5,6,29,52,55,48,41,2,5,1
3,2,0,5,5,6,31,45,40,32,34,1,7,1
4,0,1,7,5,6,34,34,46,47,46,1,2,0
5,2,1,8,5,6,43,28,43,41,50,3,5,0
6,5,1,3,1,6,29,38,35,55,52,1,1,0
7,3,0,7,6,6,31,32,43,41,48,3,6,1
8,2,0,1,5,6,24,52,40,41,52,4,4,1
9,2,1,5,1,6,42,55,39,48,49,1,1,0
10,4,0,7,5,6,33,40,36,47,43,1,3,1
11,1,1,6,5,6,26,45,38,38,53,4,6,1
12,3,0,4,3,6,24,40,47,30,38,5,9,1
13,4,1,6,5,6,56,41,49,32,36,7,6,1
14,4,1,5,1,6,28,45,46,49,59,2,3,0
15,4,1,5,5,6,27,49,49,39,52,7,8,1
16,4,0,6,5,6,19,29,35,36,49,2,4,1
17,2,1,4,5,6,22,34,34,45,47,3,0,1
18,3,0,1,5,6,41,31,44,40,31,1,3,1
19,4,0,6,0,6,49,39,45,30,30,2,5,1
20,2,0,5,5,6,32,27,29,30,47,1,0,0
21,3,0,5,5,6,28,45,51,53,33,4,5,1
22,5,0,0,5,6,25,43,38,39,53,3,2,1
23,3,0,6,5,6,40,33,40,50,35,2,6,0
24,3,0,1,5,6,51,16,37,45,34,1,1,1
25,4,0,6,5,6,34,44,54,48,51,3,4,1
26,3,0,4,5,6,28,37,37,49,42,3,7,1
27,4,1,3,1,6,35,28,24,38,46,4,1,1
28,2,0,6,5,6,41,31,46,43,25,8,7,1
29,2,1,7,5,6,36,29,41,45,50,4,4,1
30,3,0,8,5,6,24,51,52,49,53,3,4,0
31,3,0,1,5,6,39,34,37,33,37,1,6,1
32,2,1,1,3,6,25,34,47,39,42,1,3,0
33,2,0,6,5,6,28,31,46,46,42,4,3,1
34,0,0,6,5,6,40,38,48,51,41,2,1,1
35,2,0,6,6,5,46,44,52,23,36,5,10,0
36,5,0,0,5,6,33,34,28,41,36,5,1,0
37,2,0,6,5,6,33,36,45,43,30,3,5,1
38,4,0,0,6,6,39,42,53,44,37,5,4,1
39,3,0,6,5,6,22,48,48,43,47,3,3,1
40,5,1,5,5,6,33,33,38,38,45,1,5,1
41,2,0,7,5,6,36,37,46,29,47,2,6,1
42,2,1,6,5,6,44,40,53,54,39,3,5,0
43,2,0,7,5,6,34,33,37,43,37,3,4,1
44,2,0,5,5,6,27,36,44,42,34,3,5,1
45,1,0,6,5,5,26,49,49,51,48,3,6,1
46,1,1,6,5,6,31,43,54,49,52,1,0,1
47,3,1,4,1,6,39,44,38,45,51,2,3,0
48,3,0,7,5,6,19,45,48,49,49,0,2,1
49,3,0,1,5,6,37,34,44,42,37,4,3,1
50,1,1,7,5,-4,44,36,32,37,44,5,9,1
51,2,0,7,5,6,46,39,45,35,42,2,3,1
52,3,0,5,1,6,47,46,42,37,27,8,10,0
53,4,1,6,5,6,34,40,36,45,36,5,1,1
54,3,0,7,5,6,23,39,53,45,44,3,5,1
55,4,0,1,5,6,36,47,42,36,33,7,9,1
56,4,1,5,5,6,36,35,38,40,39,1,0,0
57,2,1,4,5,6,36,40,34,43,44,1,1,1
58,1,1,6,5,6,30,44,32,45,47,2,4,0
59,3,0,3,5,6,38,44,46,40,39,8,9,1
60,3,0,6,5,6,31,31,37,32,41,1,1,1
61,1,1,8,5,6,49,42,48,41,40,1,6,1
62,3,0,7,5,0,18,50,54,44,50,1,2,1
63,1,0,6,5,6,30,30,33,34,45,1,2,1
64,3,0,6,5,6,46,38,41,39,42,1,2,1
65,3,0,8,5,6,22,43,53,40,48,1,4,1
66,2,0,4,5,6,43,43,40,50,46,5,5,1
67,3,0,1,5,6,26,35,38,51,45,2,2,0
68,1,0,7,5,6,32,38,53,37,41,6,5,1
69,2,0,5,3,6,27,40,48,42,40,3,6,1
70,3,1,1,5,6,35,35,34,45,42,1,3,1
71,1,0,4,5,6,32,38,47,30,40,5,8,1
72,3,1,3,1,6,31,47,44,50,43,0,3,1
73,3,0,3,5,6,22,46,46,46,48,4,7,1
74,3,0,5,5,6,29,36,44,45,49,2,5,1
75,5,1,1,5,6,25,27,26,33,44,5,0,0
76,1,0,6,5,6,34,41,35,38,39,5,5,1
77,3,1,2,1,6,32,35,35,46,46,0,0,0
78,2,0,6,5,6,37,28,42,35,39,3,0,0
79,2,0,4,5,6,28,34,31,32,25,0,2,1
80,2,0,5,5,6,32,34,32,50,37,3,5,1
81,5,1,8,1,6,36,42,49,42,51,3,5,1
82,4,1,6,5,6,28,31,46,37,41,6,7,1
83,4,0,7,1,6,19,49,39,47,51,3,2,1
84,4,1,2,5,-4,46,33,38,52,29,4,5,0
85,3,0,1,5,6,32,41,44,41,41,1,6,1
86,1,1,3,5,6,31,40,35,44,45,5,9,0
87,2,0,4,5,6,43,39,38,44,41,3,7,1
88,4,0,1,5,6,27,41,43,41,44,2,7,1
89,2,1,4,5,6,39,26,36,38,38,1,0,0
90,2,1,7,5,6,45,36,48,39,40,5,5,1
91,2,1,7,5,6,49,42,51,45,36,1,6,1
92,2,0,5,1,6,40,37,51,45,47,6,8,0
93,1,0,3,5,6,22,38,43,45,42,2,3,0
94,5,1,1,5,6,34,34,39,48,45,1,1,0
95,3,0,7,5,6,29,36,39,47,41,1,0,1
96,3,0,7,5,6,31,42,53,32,49,5,5,1
97,2,1,6,1,6,37,32,48,42,47,1,1,0
98,3,1,7,5,6,31,44,44,39,33,4,3,1
99,2,0,8,1,6,25,37,46,39,48,3,9,0
100,1,1,6,5,6,29,58,51,49,52,5,7,1
101,1,0,7,3,6,26,55,50,33,39,3,9,1
102,3,1,1,0,6,30,43,34,42,48,1,3,0
103,3,0,3,5,6,30,48,55,34,42,2,9,1
104,3,1,5,1,6,36,44,44,41,43,4,8,0
105,1,1,4,1,6,27,41,45,50,46,2,6,1
106,2,0,5,5,6,18,43,33,38,54,1,1,0
107,1,1,4,5,6,46,38,33,45,39,1,3,0
108,2,1,1,5,6,37,40,37,38,46,5,5,1
109,1,1,6,5,6,31,53,47,44,47,8,9,1
110,3,1,4,5,6,28,43,36,37,38,2,6,1
111,3,0,7,5,0,34,42,47,41,41,4,4,1
112,1,0,7,5,6,39,32,40,39,37,4,7,1
113,1,1,6,5,6,25,42,52,35,36,3,5,0
114,3,1,5,5,6,36,44,48,44,47,4,5,0
115,2,0,4,5,6,17,52,55,38,31,8,9,0
116,1,1,5,1,6,38,36,40,45,49,1,0,1
117,2,0,5,1,6,42,36,47,31,39,5,5,0
118,1,1,6,5,6,51,45,55,44,33,5,7,1
119,2,1,4,6,6,53,26,29,50,44,3,1,1
120,2,1,6,5,6,32,44,39,45,51,3,3,1
121,1,1,7,5,6,26,44,39,36,47,4,10,1
122,2,1,5,5,6,50,31,35,29,36,5,6,0
123,4,0,7,5,6,38,41,45,41,35,3,4,1
124,1,1,6,5,6,38,35,43,43,43,7,6,1
125,3,0,1,5,6,32,52,48,46,46,3,5,0
126,4,0,6,5,6,31,48,49,44,49,5,7,1
127,3,0,6,5,6,25,44,38,40,42,3,3,1
128,3,1,2,5,6,32,34,40,45,48,1,0,1
129,2,0,8,5,0,36,44,47,44,44,3,2,0
130,3,1,7,5,6,28,46,38,49,45,4,7,1
131,3,1,1,5,6,45,42,36,46,55,2,2,1
132,3,1,1,5,5,22,39,37,57,46,1,0,0
133,2,1,3,4,6,33,36,42,42,44,1,1,0
134,2,0,7,5,6,35,41,48,42,43,5,7,1
135,1,1,7,5,3,60,29,44,47,37,1,7,1
136,2,1,1,5,6,21,50,42,54,52,5,4,0
137,3,1,6,5,6,34,38,34,54,52,7,6,1
138,3,1,6,5,6,25,50,48,48,45,0,2,0
139,4,0,6,5,6,31,34,47,45,48,1,2,1
140,3,0,1,5,6,35,42,42,49,40,3,5,1
141,1,1,6,5,0,54,42,55,49,40,2,5,1
142,2,1,1,5,6,28,44,38,51,46,1,0,1
143,2,0,2,5,6,31,38,37,45,41,5,7,1
144,2,0,5,5,1,21,48,42,51,54,2,4,0
145,3,0,5,1,6,37,32,43,35,42,3,8,1
146,3,1,6,5,6,31,41,38,56,47,7,7,0
147,4,0,5,5,6,38,31,45,40,40,4,2,1
148,2,0,7,5,1,30,43,41,44,48,3,4,0
149,2,1,5,5,6,35,32,28,37,44,1,1,0
150,3,1,6,5,6,28,52,41,55,52,3,2,0
151,2,1,4,5,6,33,48,47,47,49,4,6,1
152,2,1,6,5,6,41,28,33,46,35,2,3,1
153,1,1,6,5,6,31,29,41,39,37,0,1,1
154,1,0,6,5,6,29,46,34,48,47,3,4,1
155,0,1,4,5,6,59,30,51,40,46,3,8,1
156,2,1,6,5,1,42,30,37,45,40,2,3,1
157,2,1,4,5,6,48,40,44,50,43,4,4,1
158,1,0,1,5,6,26,47,33,40,47,3,8,1
159,2,1,6,0,6,33,41,44,41,45,6,9,0
160,3,1,4,5,1,31,36,42,44,44,3,2,0
161,3,0,7,3,6,46,45,49,42,44,3,7,1
162,2,0,6,5,1,29,42,40,54,39,2,2,1
163,1,1,6,2,6,38,40,45,53,48,1,5,0
164,1,1,4,5,6,53,40,44,49,43,3,3,0
165,1,1,8,5,6,37,42,35,52,49,1,4,0
166,3,0,7,5,6,33,38,44,40,52,1,3,1
167,0,0,4,5,6,50,31,51,27,27,6,6,1
168,1,1,5,5,1,36,40,39,40,48,5,4,0
169,1,1,6,5,6,38,48,37,41,33,5,7,1
170,0,1,3,5,6,32,40,36,47,41,2,7,1
171,3,0,1,5,6,49,38,44,44,41,6,7,0
172,2,0,7,5,6,32,46,58,48,36,7,10,1
173,3,1,5,5,6,41,36,43,40,47,4,2,1
174,2,1,6,5,6,46,44,54,44,44,5,7,1
175,2,1,5,5,6,46,36,30,48,30,6,6,1
176,4,1,6,5,6,42,40,49,51,43,4,6,1
177,2,1,6,5,5,34,36,40,35,38,1,2,0
178,2,1,6,5,6,50,40,37,37,49,2,4,1
179,3,1,6,5,6,44,33,43,48,41,4,5,1
180,2,1,5,5,6,40,39,39,50,37,1,2,1
181,3,1,5,5,6,39,44,35,45,48,4,6,1
182,1,0,8,5,6,24,37,44,47,48,2,2,1
183,2,1,4,5,6,39,45,44,51,47,1,2,1
184,0,1,6,5,6,54,37,48,38,48,2,7,1
185,4,0,3,5,6,36,34,39,47,44,1,2,1
186,2,1,6,1,6,39,44,46,48,41,3,4,1
187,2,1,7,5,6,29,49,47,45,53,1,1,1
188,4,1,1,5,6,28,34,32,50,46,1,1,0
189,3,1,1,5,6,40,30,31,47,40,1,0,0
190,0,1,7,5,6,32,40,43,44,47,2,3,1
191,4,1,5,5,6,23,40,40,47,40,2,1,1
192,0,0,6,5,3,32,48,38,47,38,5,6,1
193,1,1,5,1,6,28,38,45,45,38,6,6,1
194,3,1,6,5,6,39,32,43,44,43,1,6,1
195,1,1,6,1,3,27,48,46,43,45,2,2,0
196,4,1,6,5,6,42,42,51,41,48,5,6,1
197,0,0,6,5,1,30,42,42,51,35,4,2,0
198,4,1,6,5,6,32,43,41,37,38,2,3,1
199,1,1,5,5,6,35,43,50,48,42,8,9,1
200,3,1,5,5,6,31,54,51,54,50,5,6,0
201,0,1,6,5,6,30,41,40,50,51,5,9,1
202,2,0,7,5,5,34,33,42,34,50,2,3,1
203,2,1,6,5,6,29,48,43,49,49,4,3,1
204,5,0,0,5,6,22,32,29,37,37,1,0,1
205,1,1,6,5,6,34,46,54,43,44,3,7,1
206,2,1,1,5,6,34,47,48,37,34,8,7,1
207,0,1,6,5,6,35,48,50,44,45,6,6,1
208,2,1,5,5,6,29,43,42,47,41,3,7,1
209,2,1,6,5,6,37,40,45,41,42,5,9,0
210,1,0,7,5,0,23,43,53,40,49,1,3,0
211,1,1,4,5,6,43,41,36,43,32,8,8,0
212,3,1,1,5,6,29,36,38,50,48,1,0,1
213,1,1,5,5,6,37,44,40,54,46,3,2,1
214,3,1,5,4,6,41,39,37,49,43,1,1,1
215,1,1,5,5,6,34,47,49,51,50,4,9,1
216,1,1,6,1,6,51,38,41,50,39,4,6,1
217,1,1,5,5,6,38,47,48,52,42,6,8,1
218,2,0,5,5,6,48,45,49,52,29,8,8,0
219,1,1,7,3,6,39,47,40,36,47,3,4,0
220,2,1,4,5,6,32,36,47,50,44,1,3,1
221,0,1,6,5,6,44,38,48,43,43,4,6,1
222,1,1,6,5,6,34,43,43,38,48,5,4,0
223,2,1,6,5,6,33,44,51,50,44,7,9,1
224,4,0,6,5,6,25,47,44,50,48,3,6,0
225,3,1,6,5,6,31,49,48,46,47,3,5,1
226,2,1,6,5,6,24,44,52,40,44,1,1,1
227,3,1,6,5,6,31,43,41,52,51,3,3,1
228,0,0,4,5,6,38,46,39,39,46,7,7,1
229,3,0,7,5,6,29,42,46,38,41,4,6,1
230,3,1,6,5,6,26,49,47,49,52,1,0,1
231,2,1,5,5,6,46,23,33,47,45,1,1,1
232,5,1,7,5,6,37,32,43,40,44,3,1,1
233,1,1,6,5,6,36,48,46,44,47,5,8,1
234,3,0,6,5,6,29,45,36,49,44,5,7,1
235,1,1,6,5,6,40,46,46,37,52,4,7,0
236,1,1,5,5,6,36,46,37,56,54,1,0,1
237,1,1,7,5,6,50,42,45,46,45,4,5,1
238,1,1,1,5,6,45,39,30,45,50,1,0,1
239,0,1,3,5,6,41,39,41,39,44,3,5,0
240,3,1,5,5,6,20,44,51,53,44,1,3,1
241,2,1,7,5,6,42,31,46,53,56,1,3,0
242,1,1,3,3,6,55,31,40,48,34,4,2,1
243,0,1,4,5,6,50,29,24,48,35,1,1,1
244,1,1,6,5,6,30,47,51,49,48,1,5,1
245,2,0,6,5,6,54,29,45,50,20,2,4,1
246,1,1,4,5,6,33,33,34,33,31,0,1,1
247,1,1,5,5,6,49,35,37,46,37,3,3,1
248,3,0,7,5,6,27,38,38,47,52,3,4,1
249,3,1,8,5,6,16,41,44,55,53,2,2,1
250,3,1,5,5,6,47,42,45,49,49,2,5,1
251,3,0,6,5,6,31,41,44,40,51,4,3,1
252,2,1,6,5,6,42,33,41,42,47,1,1,0
253,0,1,7,5,6,23,46,42,56,54,2,5,1
254,3,1,8,5,6,28,41,48,43,48,1,0,1
255,1,0,5,5,6,49,35,41,37,40,1,3,0
256,2,1,7,5,6,25,51,53,51,47,4,7,1
257,0,1,4,5,6,31,44,44,48,48,2,5,0
258,2,0,8,5,6,36,40,52,25,40,2,6,0
259,5,0,8,5,6,41,39,43,33,53,2,1,1
260,5,0,5,5,6,26,38,48,46,47,3,4,1
261,3,1,5,5,6,31,46,58,37,42,8,9,1
262,4,0,6,5,6,29,37,51,43,41,8,6,0
263,3,0,7,5,0,27,45,44,49,44,1,1,0
264,4,1,0,5,6,26,40,46,53,49,2,1,1
265,0,1,6,5,6,31,41,46,47,46,1,2,1
266,2,1,6,5,1,33,40,43,43,42,2,0,0
267,4,0,6,5,6,25,39,45,45,47,3,6,1
268,2,0,5,5,1,27,49,37,40,42,3,6,1
269,3,1,7,5,6,26,51,50,46,54,3,4,1
270,2,1,7,5,1,27,41,40,38,43,1,0,0
271,3,1,7,5,6,17,53,56,48,47,6,7,1
272,3,1,7,5,6,43,35,49,45,31,2,8,1
273,4,0,8,5,6,26,40,46,45,42,5,3,1
274,1,1,6,5,6,38,41,38,45,44,2,5,1
275,2,0,7,5,6,38,46,47,37,46,3,8,1
276,2,1,7,5,6,40,37,47,46,52,1,5,0
277,4,0,8,5,6,27,43,42,41,38,3,4,1
278,1,0,4,5,6,26,49,53,48,41,5,6,1
279,3,1,6,5,6,33,37,44,48,42,2,4,1
280,3,0,7,5,6,24,45,48,46,45,4,4,1
281,4,0,7,5,6,35,41,51,43,35,2,3,1
282,3,1,4,5,6,36,38,30,42,41,2,3,1
283,3,1,7,5,6,35,40,47,49,48,4,7,1
284,3,0,6,5,6,27,50,47,41,47,4,7,1
285,2,0,5,3,6,25,34,51,40,44,7,5,0
286,2,0,6,5,6,27,48,41,41,44,1,5,1
287,3,1,6,5,6,38,30,45,34,41,1,0,1
288,3,0,7,5,6,39,42,43,46,35,3,5,0
289,1,0,4,5,6,42,42,41,41,42,3,1,1
290,1,1,7,5,6,19,44,41,53,49,1,2,0
291,2,1,5,5,1,27,46,40,52,48,1,1,0
292,2,1,4,5,6,42,32,49,38,39,1,4,1
293,3,1,5,5,6,35,39,42,39,45,2,4,0
295,1,1,5,5,6,47,40,45,38,39,4,5,0
296,0,1,2,5,6,32,43,45,39,41,2,3,1
297,2,0,5,5,6,49,37,47,43,42,2,4,1
298,5,1,1,5,6,44,34,47,42,49,3,4,0
300,2,1,6,5,6,37,38,36,53,45,3,1,1
301,2,1,5,6,6,44,33,45,46,46,2,3,1
302,1,1,4,6,6,33,37,35,44,46,1,1,0
303,2,1,8,5,6,41,37,41,47,48,2,3,1
304,4,1,5,5,6,34,44,46,38,39,3,6,1
305,3,1,6,5,6,32,40,37,42,48,3,2,1
306,3,1,6,5,6,26,22,37,53,43,2,1,0
307,2,0,7,5,6,38,31,40,36,47,1,3,1
308,3,0,7,5,6,31,36,41,50,47,2,4,1
309,2,1,3,5,6,21,45,45,43,52,4,6,1
310,2,0,7,5,6,28,41,45,47,45,1,0,1
311,3,1,6,5,6,24,39,40,44,46,1,1,0
312,0,1,1,5,6,47,36,32,41,41,8,8,0
313,3,1,7,5,6,32,40,43,45,43,1,4,1
314,1,1,7,5,6,36,51,48,47,50,4,4,1
315,0,1,3,4,6,30,41,41,44,41,2,2,1
316,3,1,8,5,6,28,45,50,43,45,2,4,1
317,4,1,6,5,6,31,45,53,40,36,8,7,1
318,2,0,6,5,1,28,52,39,43,49,2,4,1
319,1,1,5,5,6,36,40,41,45,48,1,2,0
320,3,1,1,5,5,39,38,37,42,46,6,7,0
321,3,1,6,5,6,43,38,42,36,41,1,2,1
322,2,1,4,5,6,41,38,39,54,52,1,0,1
323,0,1,6,5,6,28,43,49,49,43,3,7,1
324,3,0,2,5,6,45,32,34,45,36,2,6,1
325,1,1,8,5,6,38,40,55,37,48,4,4,1
326,2,1,5,5,6,28,48,45,49,55,4,4,1
327,2,0,3,5,6,30,28,32,49,45,5,6,1
328,3,0,7,5,6,20,50,46,53,50,1,3,1
329,1,1,5,5,6,38,38,37,50,38,1,0,1
330,3,0,5,5,6,32,43,39,46,41,5,5,0
331,3,1,5,5,6,26,43,41,48,47,3,5,0
332,2,0,0,5,6,33,37,39,40,46,1,3,1
333,4,1,3,1,6,31,37,35,49,47,1,1,0
334,0,1,4,5,6,59,26,40,46,28,4,4,1
335,5,0,4,1,6,24,37,39,44,43,7,5,0
336,5,1,1,1,6,34,39,36,34,42,3,8,0
337,1,1,7,5,6,40,36,50,46,34,8,8,1
338,3,1,7,5,1,42,41,45,43,50,3,3,1
339,3,1,5,1,6,30,42,53,31,45,8,7,1
340,2,0,8,5,6,20,48,48,48,51,3,7,1
341,3,1,5,5,6,34,38,42,49,47,1,5,1
342,2,1,7,5,6,31,47,52,45,45,0,5,1
343,4,1,5,5,6,21,46,44,49,53,0,1,1
344,4,1,5,5,6,42,40,46,42,46,4,4,0
345,0,1,0,5,6,38,39,46,42,39,6,3,1
346,2,1,7,5,6,20,41,55,54,49,2,3,0
347,2,1,6,5,6,36,43,45,49,44,4,5,0
348,3,1,6,5,6,34,51,56,57,44,8,9,1
349,3,0,7,5,6,27,45,46,43,45,1,1,0
350,3,0,5,5,1,30,42,43,42,44,3,2,1
351,3,0,6,5,6,41,35,42,44,41,3,7,1
352,2,1,4,5,6,46,36,52,51,37,6,5,0
353,2,0,5,5,6,40,41,46,40,38,3,7,1
354,3,0,6,5,6,34,35,49,48,31,4,5,0
355,1,0,1,5,6,31,40,45,39,45,5,3,0
356,2,0,5,5,6,38,39,46,45,40,2,7,0
357,1,0,0,5,6,42,40,54,54,48,8,10,1
358,3,0,6,5,6,25,39,37,52,45,2,6,1
359,2,0,1,5,6,57,31,39,31,29,8,10,0
360,2,0,4,5,6,40,34,52,44,39,5,5,0
361,1,1,4,5,6,30,50,50,44,45,7,10,1
362,3,1,6,5,6,41,45,46,44,41,3,6,0
363,2,1,5,5,6,42,44,53,49,50,6,7,1
364,3,0,6,5,6,40,42,45,47,45,2,4,0
365,3,1,5,5,6,48,39,37,48,45,1,0,1
366,2,1,8,5,6,40,39,47,43,38,3,5,1
367,3,0,5,5,0,34,40,42,40,32,1,1,1
368,2,1,6,5,0,26,43,45,42,46,1,2,0
369,3,1,6,5,6,25,43,48,46,44,4,5,1
370,1,0,5,5,6,35,33,34,44,47,3,3,1
371,1,1,6,5,6,48,42,48,48,37,4,5,0
372,0,0,3,1,6,38,42,47,37,40,2,6,1
373,2,1,6,5,6,46,54,56,34,45,7,10,1
374,0,1,4,5,6,45,46,38,47,44,3,7,1
375,3,0,6,5,6,32,27,51,37,43,3,4,1
376,4,1,7,5,6,33,48,52,53,49,2,2,1
377,5,0,5,5,6,37,41,48,34,51,1,3,1
378,3,1,7,5,6,27,40,41,44,48,2,7,1
379,1,1,6,5,6,31,36,34,46,38,2,2,1
380,1,0,7,3,6,44,33,50,47,47,5,5,0
381,3,1,5,5,6,44,37,51,43,44,3,5,1
382,2,0,6,5,6,31,47,44,39,43,4,8,0
383,2,0,1,3,6,32,36,38,37,36,7,4,0
384,2,1,7,3,6,28,41,45,41,47,4,7,1
385,3,1,6,5,6,37,38,43,50,47,0,4,1
386,3,1,6,5,1,33,41,39,48,46,4,1,0
387,1,0,5,5,6,30,37,29,44,39,2,5,1
388,3,0,3,5,6,19,43,38,53,46,2,4,0
389,1,0,6,5,1,24,42,42,34,54,2,6,0
390,2,0,5,5,6,37,38,47,42,40,3,3,0
391,1,0,8,5,6,30,42,45,44,46,1,1,1
392,2,1,4,5,6,29,37,48,44,42,4,3,0
393,1,1,6,5,6,42,40,47,45,43,2,4,1
394,2,1,2,5,6,31,42,42,43,49,2,2,1
395,1,1,5,5,6,28,39,30,39,51,1,0,1
396,1,0,5,5,6,23,44,45,38,53,5,7,1
397,2,0,6,5,6,38,48,43,33,36,8,9,1
398,2,1,6,5,6,20,44,39,41,46,3,4,1
399,3,0,5,5,6,37,43,40,33,45,7,9,1
400,1,1,7,5,6,28,42,48,34,48,6,4,1
401,3,0,7,5,6,27,48,55,49,46,2,2,0
402,1,1,3,5,6,34,39,32,47,47,2,3,0
403,3,0,1,5,6,37,32,43,32,37,8,9,1
404,0,0,4,5,6,27,35,44,39,32,5,7,1
405,0,0,6,5,6,23,44,44,38,39,1,4,1
406,3,0,2,5,6,45,39,45,42,44,6,6,0
407,0,1,0,5,6,37,50,57,51,42,7,8,1
408,3,1,6,5,6,53,33,56,43,39,4,7,0
409,2,0,2,5,5,49,39,44,41,37,3,6,1
410,1,0,6,5,6,29,41,50,44,40,4,1,0
411,2,1,5,6,6,22,45,51,45,46,3,7,0
412,3,0,3,5,6,46,30,49,49,31,6,7,1
413,2,1,4,3,6,31,29,48,44,29,3,3,0
414,1,1,6,5,6,37,47,39,46,40,2,4,1
415,2,0,4,5,6,36,39,51,44,39,3,5,1
416,2,1,4,5,6,20,42,38,42,37,4,5,1
417,0,0,3,5,6,30,32,42,29,56,3,8,1
418,0,0,4,5,6,35,35,48,28,32,4,8,1
419,1,0,4,5,6,28,46,47,36,37,7,10,1
420,1,1,8,5,6,39,40,53,40,45,3,5,1
421,1,0,6,5,6,42,41,45,41,43,4,4,1
422,0,0,3,5,6,39,45,46,37,49,5,8,0
423,1,0,4,5,6,39,27,36,41,39,5,3,1
424,2,0,5,5,6,28,39,46,54,37,3,2,0
425,2,1,6,5,3,26,45,41,51,48,3,3,1
426,3,1,8,6,6,41,40,56,49,42,7,7,0
427,2,0,6,5,6,32,38,47,41,29,3,3,1
428,3,0,1,5,6,38,40,44,42,42,5,5,1
429,2,0,6,3,6,42,34,45,34,41,6,6,1
430,1,1,3,5,6,27,39,31,45,47,1,1,1
431,1,0,0,5,6,38,33,36,38,40,3,5,1
432,1,1,3,5,6,36,42,39,49,34,4,5,1
433,1,0,6,5,6,33,38,34,45,43,2,2,1
434,3,1,1,5,6,38,52,38,51,41,8,8,1
435,0,1,6,5,6,34,46,35,56,52,3,4,1
436,1,1,6,5,6,36,43,38,47,53,2,4,0
437,4,0,4,6,6,29,38,53,54,47,1,2,0
438,3,0,1,5,6,23,43,48,37,45,5,7,1
439,1,1,6,6,6,59,37,40,31,26,6,6,1
440,0,1,4,6,6,49,38,48,42,28,4,5,0
441,2,1,6,5,6,31,43,42,48,53,3,4,1
442,0,1,4,5,6,29,49,31,43,46,5,6,0
443,1,1,7,5,6,27,40,48,42,42,4,6,1
444,2,0,1,5,6,40,44,41,38,40,3,5,1
445,3,1,5,5,6,31,45,50,44,47,0,3,1
446,3,1,6,5,6,46,33,42,37,45,3,1,1
447,1,1,6,5,6,38,32,49,58,37,2,7,1
448,1,0,7,5,6,36,39,40,38,33,7,6,1
449,0,1,4,5,6,47,49,53,31,35,7,9,1
450,0,0,6,5,6,32,44,49,41,47,3,6,1
451,0,1,6,5,6,43,39,40,47,34,5,6,1
452,0,1,7,5,6,25,45,40,42,47,4,4,1
453,2,1,6,5,6,34,39,47,44,48,1,6,1
454,1,0,6,5,6,48,27,44,44,45,1,5,1
455,3,0,8,5,6,34,36,52,38,40,8,8,1
456,0,1,6,5,6,44,34,51,38,22,6,5,1
457,2,0,6,5,6,51,37,48,28,37,6,7,1
458,2,1,7,5,6,31,36,47,47,47,1,0,1
459,0,1,6,5,6,42,40,47,47,43,3,6,1
460,1,0,7,5,6,45,48,57,26,39,5,6,0
461,0,1,6,5,6,48,30,54,31,44,6,6,1
462,0,0,4,5,6,50,30,28,54,32,5,2,1
463,2,0,4,5,6,44,43,55,44,24,7,9,0
464,3,0,3,5,6,46,33,42,52,32,3,7,1
465,0,1,6,5,6,39,34,53,48,48,4,5,1
466,0,1,7,5,6,49,32,46,40,39,7,8,1
467,0,1,6,5,0,39,44,53,50,40,2,8,0
468,3,0,6,5,6,38,40,54,43,51,3,5,1
469,2,0,6,5,6,35,41,41,41,43,1,2,1
470,1,0,6,5,6,25,51,55,48,42,6,9,1
471,3,1,1,6,6,59,28,36,53,26,3,6,0
472,0,1,6,5,6,37,45,48,42,47,2,3,0
473,0,0,7,5,-4,27,55,53,50,55,3,7,1
474,0,1,0,5,6,39,40,45,51,42,4,5,1
475,2,1,4,6,6,49,40,43,38,38,6,5,0
476,4,1,6,5,3,33,46,47,42,45,1,0,1
477,3,1,6,6,6,25,46,43,48,48,2,3,0
478,2,0,6,5,6,52,33,50,31,39,4,3,1
479,2,1,5,5,6,50,35,41,35,32,7,8,1
480,1,1,6,5,6,40,45,44,49,46,3,6,1
481,1,1,7,0,6,40,37,55,52,44,4,7,1
482,0,0,4,6,6,47,34,45,34,37,1,3,0
483,2,1,6,0,6,46,41,48,42,46,4,7,1
484,2,0,4,5,6,29,39,48,44,52,2,5,0
485,1,1,6,5,6,48,43,55,45,48,4,3,0
486,2,1,1,5,6,30,46,42,48,40,1,2,0
487,3,1,1,5,6,31,42,35,50,36,1,3,1
488,1,0,3,3,6,50,28,53,38,31,2,2,1
489,2,1,3,6,6,53,27,54,36,44,4,4,0
490,1,0,1,5,6,40,30,47,48,39,3,9,1
491,0,0,0,5,6,54,30,48,30,29,3,6,0
492,0,0,4,5,6,26,47,52,34,31,2,9,1
493,3,1,5,5,6,42,45,49,41,36,7,10,1
494,0,0,3,5,6,27,43,49,47,42,4,7,1
495,0,0,5,5,6,41,36,52,43,44,6,8,1
496,0,0,4,5,6,43,28,52,35,29,1,4,1
497,0,0,5,3,5,25,37,49,47,43,1,5,0
498,4,0,4,6,6,28,41,50,47,48,1,4,0
499,1,0,7,5,6,36,48,60,39,42,2,6,1
500,1,0,1,3,6,35,36,52,46,36,3,6,0
501,4,1,4,5,6,49,35,55,42,27,6,9,1
502,2,1,5,4,6,36,43,40,38,49,5,8,0
503,1,1,5,5,6,30,39,36,43,39,6,0,0
504,0,0,4,6,6,22,44,44,39,40,5,8,1
505,4,1,5,1,6,36,38,44,38,46,7,8,0
506,2,0,1,5,6,35,40,44,43,45,1,2,0
507,3,0,5,3,6,40,43,48,36,33,6,6,0
508,2,0,6,5,6,31,44,52,38,46,4,6,0
509,1,0,6,5,6,37,38,39,34,42,4,4,0
510,2,0,1,5,6,50,32,38,31,36,2,6,1
511,2,1,7,3,6,26,47,44,45,43,1,4,1
512,2,0,6,5,6,36,46,42,41,39,5,5,1
513,3,1,7,5,6,40,43,45,42,44,3,2,1
514,0,0,4,5,6,40,43,50,44,34,8,7,1
515,4,0,1,6,6,34,38,45,48,45,3,5,0
516,2,0,1,5,6,45,38,35,40,40,3,5,1
517,0,1,2,6,6,23,52,49,44,44,6,10,1
518,2,1,1,5,6,34,41,41,32,44,3,4,1
519,1,1,7,5,6,39,39,48,40,48,2,5,0
520,1,0,5,3,6,41,36,47,42,36,5,9,0
521,1,0,7,5,6,34,42,37,50,53,5,9,1
522,2,1,6,5,6,38,38,39,38,48,1,0,1
523,3,1,1,0,6,42,38,40,40,43,2,2,0
524,0,0,4,6,6,36,42,46,34,41,5,6,1
525,0,0,4,5,6,33,43,45,38,32,4,6,1
526,2,1,0,5,6,37,34,33,44,45,1,0,0
527,3,1,6,0,6,29,44,53,55,56,4,6,1
528,4,0,3,5,6,20,43,38,43,45,2,4,1
529,0,0,5,5,6,45,30,44,30,31,6,6,0
530,2,0,8,5,6,42,39,45,47,29,5,5,1
531,1,1,5,5,6,43,47,46,43,42,3,9,1
532,4,0,6,5,6,45,40,50,30,46,3,2,1
533,3,0,6,5,6,46,29,41,45,35,3,8,1
534,0,1,6,5,6,33,41,41,53,49,4,2,0
535,1,0,7,5,6,32,39,41,32,37,5,6,0
536,2,1,7,5,6,20,54,43,52,51,4,2,1
537,1,1,6,6,6,45,40,52,29,38,4,5,1
538,0,1,6,5,6,49,45,39,49,37,5,6,1
539,3,1,4,5,0,43,38,37,48,35,1,1,0
540,2,1,6,5,6,47,38,46,47,46,4,7,1
541,3,0,7,5,6,24,48,45,47,53,0,2,1
542,3,1,6,5,6,26,42,45,37,43,1,1,1
543,3,1,6,3,1,38,45,46,48,45,4,6,0
544,2,0,2,5,6,43,45,52,35,34,4,9,1
545,1,1,6,5,6,44,44,39,38,44,3,5,1
546,0,1,1,5,6,48,36,41,38,34,7,5,1
547,2,1,5,5,6,51,41,43,47,36,2,5,1
548,3,1,4,6,6,27,37,52,59,42,1,2,0
549,1,1,7,5,6,20,35,39,40,54,1,3,1
550,0,0,6,5,6,48,37,47,44,28,5,2,0
551,1,1,7,3,6,25,47,47,39,41,3,3,0
552,0,1,6,5,6,34,37,36,48,50,1,4,1
553,2,1,7,5,6,28,48,47,36,49,3,9,0
554,0,1,7,5,6,52,29,45,48,44,3,2,0
555,1,1,7,3,-4,46,26,43,43,45,2,0,1
556,1,1,8,5,6,42,43,43,43,50,5,6,0
557,3,1,7,5,6,38,33,38,43,48,2,2,1
558,0,1,6,5,6,34,38,48,42,44,1,4,1
559,1,1,6,5,6,21,46,45,52,50,2,5,0
560,0,1,6,5,6,31,39,42,49,41,7,9,1
561,3,1,6,5,6,28,40,49,45,49,4,4,1
562,0,1,6,5,6,46,41,41,45,45,2,4,1
563,2,1,6,5,6,42,44,49,36,47,3,5,1
564,2,1,7,5,5,58,43,35,41,51,3,3,1
565,1,1,7,5,6,44,42,42,31,40,4,6,1
566,3,1,4,5,6,31,37,46,44,39,8,3,0
567,3,1,7,5,6,39,34,47,47,36,2,3,1
568,0,1,6,5,6,45,47,39,49,46,1,2,1
569,0,0,6,5,6,53,44,54,37,38,3,6,1
570,2,0,7,5,6,46,34,45,41,42,3,5,0
571,2,1,8,5,6,32,45,45,37,56,2,4,1
572,2,1,5,0,6,38,47,38,31,39,5,8,1
573,0,1,7,5,6,21,52,45,50,53,4,8,1
574,2,0,5,5,6,48,31,34,36,37,8,6,1
575,4,1,4,6,6,27,46,49,39,39,5,5,1
576,2,1,6,5,6,55,29,33,47,28,2,1,1
577,2,0,1,5,6,20,45,35,40,49,3,6,1
578,1,1,7,5,5,44,42,47,47,48,2,4,0
579,1,1,6,5,6,46,45,41,51,41,2,5,0
580,3,1,7,5,6,46,39,48,50,51,1,1,1
581,0,1,7,5,6,34,45,50,44,47,3,5,1
582,2,1,4,5,6,25,40,38,43,27,8,5,1
583,0,0,4,5,6,27,50,49,41,37,6,8,1
584,2,1,5,5,6,39,48,56,41,48,5,6,1
585,0,1,4,6,6,42,40,42,46,39,3,9,1
586,1,0,6,5,6,33,41,44,35,47,7,7,0
587,0,0,5,5,6,43,36,54,36,40,5,7,0
588,0,0,4,5,6,39,42,44,48,28,4,8,1
589,1,1,1,5,6,31,50,49,49,43,3,6,1
590,4,1,4,6,6,24,39,48,37,45,5,6,0
591,2,0,0,5,6,30,40,42,39,46,3,7,0
592,2,1,6,5,6,40,37,44,32,52,3,3,1
593,2,1,5,6,6,14,46,47,46,54,2,5,1
594,1,0,5,3,-4,35,46,46,47,46,4,8,1
595,2,0,1,5,6,32,36,42,35,37,7,8,1
596,3,0,5,3,6,39,41,43,34,45,3,8,1
597,0,0,1,5,6,23,45,51,49,48,5,9,1
598,4,1,5,1,6,32,37,44,38,46,6,9,0
599,3,1,5,6,6,36,41,42,46,44,3,4,1
600,0,0,4,5,6,41,39,48,43,35,5,7,0
601,3,1,7,5,6,43,36,42,54,43,2,2,1
602,0,0,4,6,6,46,47,51,44,34,8,9,0
603,0,0,4,6,6,41,28,38,29,46,5,9,1
604,0,0,4,6,6,54,33,51,39,34,5,8,1
605,1,0,6,6,6,29,34,43,33,43,2,5,1
606,2,1,4,6,6,40,42,48,49,45,2,4,1
607,4,1,7,6,6,15,47,57,51,34,2,4,1
608,0,0,6,5,6,31,40,38,52,36,3,9,1
609,3,0,4,6,6,35,40,52,55,41,2,6,0
610,1,0,6,5,6,21,48,54,44,49,5,10,1
611,4,1,5,1,6,48,34,36,50,30,8,5,0
612,1,0,4,5,6,27,46,52,44,37,4,10,1
613,1,0,6,5,6,29,42,42,51,46,5,9,1
614,2,0,6,5,6,25,41,45,41,39,3,4,0
615,1,1,7,5,6,54,38,44,32,37,4,6,1
616,1,1,0,6,6,33,44,41,37,44,7,5,0
617,2,1,7,5,6,37,39,43,48,40,6,9,1
618,3,1,4,6,6,46,41,45,39,34,7,9,0
619,3,0,5,4,6,27,48,44,39,47,2,6,0
620,1,1,6,5,6,35,47,52,44,42,5,6,1
621,4,0,7,5,6,29,33,51,37,46,1,3,1
622,0,0,3,5,6,41,30,43,52,28,7,7,1
623,2,0,7,5,6,27,44,45,34,44,6,7,1
624,2,1,7,5,6,34,43,44,45,52,2,1,1
625,3,1,7,5,6,32,40,43,41,31,8,4,1
626,2,1,8,5,6,36,40,37,43,44,1,5,1
627,2,1,5,5,6,32,36,42,37,44,2,1,1
628,2,0,6,5,6,35,37,40,40,45,3,5,1
629,2,0,8,5,6,21,33,35,54,46,0,3,1
630,1,1,8,5,6,48,32,37,53,44,1,1,1
631,3,1,8,5,-4,31,43,50,45,41,3,0,1
632,2,1,8,5,6,41,38,56,45,49,1,0,1
633,0,1,6,5,6,40,39,44,56,49,1,4,1
634,0,1,6,5,6,48,37,37,37,47,1,0,1
635,1,1,7,5,6,29,51,49,44,44,2,6,1
636,2,1,8,5,6,48,41,46,36,37,3,9,1
637,2,0,6,5,6,28,38,45,50,38,2,6,1
638,3,1,6,5,6,29,42,43,46,42,4,5,0
639,2,1,5,1,6,32,41,39,48,45,1,2,0
640,0,1,6,5,6,33,36,36,42,52,2,6,1
641,1,0,1,5,6,33,51,52,51,45,5,10,1
642,3,0,6,5,6,34,35,49,44,41,3,4,1
643,2,0,7,5,6,29,46,52,56,53,3,7,1
644,1,1,7,5,1,26,44,44,51,50,2,7,1
645,1,0,4,5,6,38,38,34,47,37,3,6,1
646,3,0,6,5,6,36,38,44,38,39,7,4,1
647,0,1,6,5,6,31,39,44,42,47,3,4,1
648,0,0,4,6,6,23,49,53,32,48,2,7,1
649,2,1,7,6,6,47,41,53,55,34,7,10,1
650,1,1,6,5,6,34,45,37,43,54,4,2,1
651,3,1,7,5,6,31,53,59,53,43,7,7,1
652,1,0,7,5,6,42,43,49,47,34,4,2,1
653,0,0,4,0,6,46,48,54,39,34,4,7,1
654,0,0,4,6,6,29,44,46,44,42,7,7,1
655,2,1,1,5,6,32,46,41,46,49,2,3,1
656,1,0,7,3,5,31,51,43,42,34,5,8,1
657,3,0,4,1,6,48,36,48,35,33,7,7,0
658,3,0,5,5,6,47,30,55,40,31,8,10,1
659,0,0,7,5,6,42,41,49,41,38,6,6,1
660,1,0,8,4,6,28,49,57,37,39,7,7,1
661,1,1,7,5,1,24,43,46,50,43,1,1,1
662,0,1,6,5,6,33,32,41,42,51,1,3,1
663,1,1,6,5,6,36,41,48,55,53,5,2,1
664,1,1,8,5,6,48,31,44,34,31,3,4,1
665,0,0,6,5,6,32,37,50,45,38,5,8,1
666,1,1,8,5,6,47,37,47,45,40,2,5,1
667,0,0,3,5,6,19,38,47,42,35,6,7,0
668,2,0,4,5,6,45,35,54,41,44,3,6,0
669,3,0,6,5,6,21,53,47,45,39,4,5,1
670,1,0,4,5,6,30,46,49,41,41,4,8,1
671,0,0,5,5,6,32,41,43,38,39,0,4,1
672,2,0,5,5,6,31,45,46,39,43,6,9,0
673,0,0,6,5,6,33,40,55,48,48,5,5,0
674,0,1,4,5,6,48,47,49,47,48,2,6,1
675,0,1,7,5,0,44,35,42,39,34,2,8,0
676,2,0,5,5,6,35,38,41,38,36,4,9,0
677,0,0,5,5,6,38,40,34,42,44,6,8,0
678,1,0,6,5,6,41,38,49,39,37,3,5,1
679,0,0,4,5,6,56,24,44,43,26,1,1,0
680,0,1,4,5,6,42,38,42,35,51,2,9,1
681,3,0,8,5,6,38,34,45,43,26,2,0,1
682,2,0,4,5,6,24,40,37,39,43,6,8,1
683,1,0,7,5,6,49,27,49,45,46,1,3,1
684,2,1,6,5,6,41,39,43,42,37,1,4,0
685,2,1,5,5,6,45,35,54,35,30,7,10,0
686,1,0,6,0,6,32,41,51,40,36,6,7,1
687,0,1,4,1,6,51,46,55,41,35,6,9,1
688,3,1,0,0,6,27,44,39,49,44,1,0,0
689,2,0,4,6,6,46,47,44,35,46,6,9,0
690,4,1,7,5,6,44,35,43,43,41,8,7,1
691,4,0,4,5,6,40,35,36,33,41,5,4,1
692,1,1,6,5,6,34,39,39,44,45,2,4,0
693,3,1,7,5,6,38,35,44,41,38,2,3,1
694,2,0,7,5,6,25,38,47,46,46,1,3,1
695,2,0,5,5,6,27,36,43,39,40,4,5,1
696,2,1,7,5,6,34,37,46,51,53,2,2,1
697,4,0,6,5,6,28,42,49,33,51,3,6,1
698,3,1,6,1,5,21,38,53,53,42,2,6,0
699,2,0,6,6,6,35,33,52,43,37,3,4,1
700,4,0,4,5,6,34,32,41,45,34,3,7,1
701,2,1,4,3,6,45,41,49,37,43,7,9,1
702,3,0,0,5,6,26,47,49,48,49,2,7,0
703,2,1,6,5,6,32,44,50,41,42,6,8,0
704,4,0,6,5,6,23,45,45,37,41,2,6,1
705,2,0,4,6,6,28,38,42,39,44,2,4,1
706,0,0,4,5,6,23,42,53,55,43,2,5,0
707,0,1,6,5,6,34,33,36,40,44,5,3,0
708,1,0,6,5,6,35,52,48,42,38,5,7,1
709,0,0,4,5,6,40,36,43,48,49,1,4,1
710,0,0,5,5,6,27,38,41,47,45,2,1,0
711,0,0,6,5,6,45,41,50,39,32,4,9,1
712,0,0,4,6,6,30,39,40,50,45,1,3,0
713,1,1,7,5,6,41,42,51,44,49,3,4,0
714,0,0,6,6,6,41,45,52,54,42,6,8,1
715,0,0,5,5,6,43,47,49,36,40,6,10,1
716,0,1,4,6,6,42,43,53,54,44,3,7,1
717,0,0,4,5,6,35,29,37,39,28,7,3,0
718,2,0,6,6,6,28,34,44,44,44,2,3,1
719,0,0,1,3,6,35,31,41,39,40,8,9,1
720,4,0,6,5,6,32,33,41,40,39,5,7,1
721,2,0,4,5,6,48,45,52,42,49,6,8,1
722,2,1,5,5,6,51,35,48,48,43,2,3,0
723,4,0,5,5,6,35,38,46,39,39,1,2,0
724,1,1,6,5,6,27,49,48,49,46,4,4,1
725,2,1,4,5,6,47,36,51,48,39,4,5,0
726,1,1,7,5,6,39,44,51,53,44,3,10,1
727,0,0,5,5,6,56,33,51,35,38,2,4,1
728,1,1,7,5,-4,39,44,42,44,41,4,5,1
729,0,0,4,1,6,23,41,51,41,30,4,6,0
730,1,1,1,0,6,30,42,47,39,43,7,8,1
731,2,1,6,5,6,43,40,39,43,42,3,2,1
732,0,0,4,5,6,28,48,44,42,38,4,7,0
733,0,1,6,5,6,48,44,51,42,42,2,5,1
734,2,0,1,5,3,42,41,48,41,40,3,4,1
735,0,0,4,5,6,43,47,55,33,28,6,8,1
736,1,1,6,5,6,38,53,59,53,37,7,9,0
737,1,0,6,5,6,31,27,26,33,33,1,6,1
738,1,0,6,5,6,26,51,46,44,55,5,9,1
739,0,1,3,3,6,48,41,55,51,46,2,7,0
740,1,0,7,3,6,35,30,49,40,38,4,8,1
741,2,0,4,5,6,24,41,50,51,37,6,6,1
743,3,1,7,5,6,44,38,48,48,52,5,7,1
744,2,1,6,5,6,42,41,41,37,35,1,2,1
745,1,0,1,5,6,32,40,42,37,47,5,7,0
746,3,0,4,5,6,27,41,46,47,30,7,5,1
747,1,1,1,5,6,43,42,38,46,39,2,5,1
748,1,1,7,5,6,35,43,49,45,45,2,5,0
749,2,1,1,5,6,40,36,36,43,28,4,5,0
750,2,1,8,5,6,21,46,39,53,54,3,4,1
751,2,0,7,5,6,34,40,46,50,41,3,7,1
752,1,1,5,5,6,17,49,33,50,50,3,3,1
753,1,0,4,3,6,51,38,53,52,28,8,6,1
754,1,1,7,5,6,40,47,42,51,45,4,7,1
755,1,0,8,5,6,27,43,55,50,38,4,6,0
756,0,0,4,6,6,23,50,56,48,56,2,2,1
757,0,1,7,5,3,42,42,42,44,47,3,5,1
758,0,1,4,4,6,56,37,45,48,25,7,7,1
759,0,0,4,6,6,40,44,46,42,40,5,9,0
760,0,0,8,5,6,14,51,50,50,44,2,7,1
761,1,0,6,1,6,36,33,40,40,37,4,9,1
762,0,0,4,6,6,52,42,38,40,23,9,5,1
763,1,1,6,0,6,24,45,55,50,43,3,7,1
764,0,1,6,5,6,47,45,50,49,30,6,3,1
765,0,0,1,5,6,40,33,53,47,34,5,8,1
766,0,0,4,6,6,42,41,58,48,42,4,9,0
767,0,0,4,6,6,46,34,48,56,37,5,6,1
768,1,0,7,2,6,44,35,47,38,40,2,6,1
769,0,1,5,6,5,32,44,47,41,47,7,4,0
770,1,0,6,0,6,46,41,50,46,47,1,8,1
771,0,0,4,6,6,42,28,37,43,35,8,9,0
772,0,1,7,5,0,41,30,33,49,44,5,3,0
773,3,0,6,5,6,48,30,43,39,28,4,7,1
774,3,1,5,1,6,46,31,44,41,38,3,5,0
775,0,0,3,3,6,25,37,50,45,42,2,5,0
776,0,1,4,3,6,21,43,52,41,28,4,7,0
777,1,0,4,6,6,37,37,40,41,42,2,1,0
778,0,0,4,6,3,41,44,51,39,38,4,6,1
779,0,0,4,1,6,54,40,58,40,37,6,8,0
780,3,0,3,5,6,18,47,44,47,39,4,4,1
781,0,1,5,6,6,46,24,45,46,42,1,3,0
782,2,0,5,6,6,46,33,40,34,36,4,8,1
783,0,0,4,6,5,47,31,48,43,33,8,10,0
784,0,1,4,6,6,44,37,52,46,38,5,9,1
785,0,1,4,6,6,33,43,52,43,49,3,9,1
786,0,0,7,6,6,49,34,52,43,44,3,8,0
787,0,0,5,3,6,30,40,47,41,29,6,8,0
788,2,0,5,3,6,44,36,47,38,43,7,6,1
789,0,0,5,5,6,21,48,42,39,33,8,8,1
790,0,0,4,5,6,19,41,51,44,47,4,9,0
791,0,0,6,0,6,34,37,52,39,36,7,8,1
792,0,0,4,6,6,42,39,50,32,41,7,10,1
793,0,0,4,3,6,44,44,48,36,31,2,5,1
794,1,0,4,5,6,36,53,44,39,42,7,6,1
795,1,0,6,5,6,35,36,54,51,38,4,8,1
796,0,0,4,6,6,47,36,44,39,49,2,5,0
797,0,0,4,6,6,40,33,44,46,41,3,8,0
798,0,1,6,5,6,30,45,49,47,50,2,8,1
799,1,1,4,6,6,37,47,51,41,47,3,9,1
800,2,1,4,5,6,48,44,55,46,37,8,4,1
801,0,0,4,1,6,25,41,46,46,54,3,5,0
802,1,0,4,6,6,41,37,45,47,34,5,7,0
803,0,0,3,4,6,31,42,47,38,37,6,9,1
804,3,1,6,6,6,37,33,39,48,40,1,9,1
805,1,0,4,6,6,41,32,43,49,42,3,6,1
806,0,1,6,1,6,54,29,55,31,45,5,6,1
807,1,0,4,6,6,33,41,44,40,35,7,8,0
808,0,0,2,0,6,32,45,51,47,35,8,9,1
809,0,1,4,6,6,46,45,53,36,38,6,9,1
810,0,0,6,6,6,40,26,39,48,30,1,3,0
811,0,0,5,5,6,21,34,37,54,41,3,3,1
812,0,0,3,6,6,21,45,53,37,39,2,6,0
813,3,1,6,6,6,48,51,52,30,29,6,9,1
814,0,0,4,6,6,47,35,46,34,35,7,9,0
815,1,0,6,6,6,41,36,51,32,45,3,7,0
816,0,0,4,5,6,29,40,43,37,44,5,10,1
817,0,0,4,1,6,57,42,48,37,34,8,9,1
818,0,1,4,6,6,37,33,46,46,47,3,4,0
819,3,0,8,0,6,42,41,52,57,44,2,7,0
820,1,1,7,5,6,51,34,46,41,33,4,7,1
821,0,0,4,0,0,29,51,51,44,45,6,10,0
822,0,1,6,6,6,32,42,45,42,43,6,9,1
823,0,0,4,5,6,35,47,51,40,45,3,9,1
824,0,0,4,6,6,35,41,51,45,39,6,9,0
825,0,0,4,3,2,36,38,45,29,26,7,9,1
826,0,0,6,0,6,42,24,26,49,31,2,2,1
827,0,0,6,6,6,41,44,47,36,50,3,7,1
828,0,0,4,6,6,37,49,54,35,36,5,8,0
829,0,0,6,3,6,27,43,46,38,39,4,7,1
830,1,1,8,0,6,52,43,53,47,43,1,8,1
831,0,0,4,6,6,37,44,57,51,40,1,7,0
832,0,0,5,5,6,39,37,41,49,41,4,5,1
833,0,0,4,6,6,45,34,47,47,41,3,8,0
834,1,1,7,6,6,37,33,55,44,46,5,10,1
835,3,1,8,6,6,36,41,46,38,36,6,8,1
836,1,1,7,6,6,44,35,46,41,46,3,3,1
837,0,0,6,6,6,41,33,43,42,41,3,6,1
838,0,0,6,0,6,21,41,46,41,30,4,6,0
839,3,0,7,6,6,32,42,47,35,44,4,7,0
840,0,0,4,0,6,21,51,50,46,48,7,6,0
841,0,0,3,5,6,43,40,58,44,30,7,8,1
842,1,0,6,6,6,38,30,50,24,42,6,9,1
843,0,0,4,6,6,30,39,52,40,32,8,8,0
844,0,0,4,6,6,29,40,48,54,50,3,4,0
845,1,1,4,6,6,41,37,47,36,40,1,6,1
846,0,1,4,6,6,39,45,53,50,38,4,7,1
847,2,0,4,6,6,45,28,36,42,44,1,1,1
848,0,1,5,1,6,41,37,35,50,37,4,4,0
849,1,0,6,6,6,42,37,48,30,35,5,8,0
850,0,0,3,6,6,41,44,53,36,39,7,9,1
851,4,0,7,6,6,21,40,54,51,45,4,6,0
852,0,0,7,3,6,40,33,49,41,45,4,7,1
853,0,0,4,6,6,28,49,55,49,43,5,6,0
854,1,0,6,6,6,43,41,36,35,32,4,9,0
855,0,0,4,6,6,36,40,55,44,40,4,6,1
856,0,1,4,6,6,32,41,46,42,34,7,8,1
857,0,0,1,1,-4,41,45,50,36,33,5,9,1
858,1,0,4,5,6,26,43,57,53,45,3,6,0
859,0,0,5,6,3,41,48,45,47,54,6,9,1
860,1,0,2,1,6,49,34,43,30,29,4,4,0
861,0,0,4,6,6,26,54,53,42,48,6,8,1
862,0,1,4,3,0,46,31,53,36,32,9,7,0
863,1,0,4,3,6,42,45,53,40,28,7,8,1
864,0,0,6,5,6,36,39,45,39,39,8,9,1
865,0,0,4,1,6,20,48,58,48,48,2,6,0
866,0,0,4,4,6,51,36,45,32,37,2,8,1
867,0,1,4,6,6,34,47,42,39,36,6,6,1
868,0,0,4,1,6,40,32,50,47,36,4,5,1
869,0,1,4,6,6,35,48,55,48,54,5,9,1
870,0,1,4,6,6,24,42,51,49,52,2,7,1
871,3,0,5,5,6,51,35,52,41,28,7,10,0
872,1,0,6,6,6,45,34,53,40,49,6,10,1
873,0,0,7,6,6,38,50,47,32,34,5,7,1
874,1,1,7,6,6,29,37,46,47,40,2,3,1
875,0,1,4,5,6,50,27,47,38,23,2,0,0
876,1,1,7,6,6,38,32,42,45,34,5,5,1
877,0,1,4,6,5,43,42,55,43,36,8,10,1
878,2,0,5,6,5,48,24,51,30,39,9,8,0
879,1,0,4,0,6,27,43,51,46,25,8,10,1
880,0,1,6,6,6,30,49,52,43,43,6,7,1
881,1,0,7,6,6,48,40,44,42,41,7,8,1
882,0,1,0,6,6,42,39,52,40,31,4,10,1
883,2,0,4,6,6,51,32,48,39,36,8,7,0
884,1,1,4,6,6,25,49,54,37,41,5,9,0
885,0,0,4,6,6,36,48,51,45,37,4,8,1
886,0,0,4,6,5,50,40,48,48,41,3,8,1
887,1,0,4,3,6,46,19,47,43,41,4,6,0
888,0,0,6,5,6,40,37,47,41,42,6,7,0
889,0,0,6,5,6,31,55,51,52,43,4,9,1
890,0,1,4,6,6,26,49,56,54,36,4,4,1
891,0,1,4,6,6,40,45,54,50,46,2,6,1
892,0,0,4,6,5,37,46,53,47,46,2,8,0
893,1,0,4,4,6,22,53,52,43,48,3,7,1
894,1,0,4,3,6,37,37,33,27,41,5,8,0
895,1,0,4,6,6,46,29,48,18,30,7,10,0
896,1,1,2,5,6,60,24,40,36,24,5,2,1
897,0,0,4,3,6,23,27,46,27,40,5,8,1
898,0,1,5,5,6,20,38,47,44,37,2,6,0
899,1,0,7,6,6,28,47,45,44,45,3,6,1
900,1,0,6,6,6,53,38,43,40,34,8,10,1
901,0,1,4,6,6,53,33,39,37,34,9,10,1
902,0,0,6,1,6,15,51,35,12,41,5,9,1
903,0,0,4,5,1,36,33,49,39,35,5,9,1
904,1,1,7,6,6,38,35,48,39,33,5,7,1
905,0,0,3,6,6,35,46,46,46,37,6,9,0
906,2,1,6,6,6,46,38,53,36,45,1,3,1
907,0,0,4,6,6,49,39,45,27,33,6,7,0
908,1,0,5,3,6,40,42,47,43,54,2,4,1
909,2,0,6,0,6,24,42,41,34,45,5,9,0
910,0,0,4,6,5,33,40,44,48,36,1,10,1
911,0,0,6,6,6,37,44,46,34,42,6,8,1
912,1,1,4,6,5,49,43,53,37,28,8,9,1
913,0,1,4,6,6,55,19,32,43,31,5,3,0
914,0,0,4,6,6,43,30,41,34,36,3,8,0
915,2,0,6,6,6,39,29,34,32,47,2,7,0
916,0,1,4,6,6,25,54,54,49,48,4,8,1
917,1,1,2,6,6,56,20,42,28,19,8,9,1
918,0,0,3,6,-4,38,40,46,40,48,2,5,1
919,1,0,1,6,6,40,39,45,42,38,4,8,0
920,0,1,4,6,6,52,28,45,53,45,5,9,0
921,0,0,3,1,6,38,49,58,41,34,8,10,1
922,2,0,7,5,6,33,38,41,38,43,7,6,1
923,0,0,4,3,6,25,43,53,34,45,3,9,1
924,0,0,0,0,6,37,38,46,46,33,3,7,0
925,0,0,4,6,6,25,30,41,35,33,4,5,0
926,1,0,3,6,6,48,31,29,36,36,7,5,0
927,0,0,1,6,6,46,29,48,44,35,5,6,0
928,0,0,5,6,6,28,48,50,50,37,3,8,1
929,1,0,4,6,6,38,31,52,38,40,3,8,1
930,1,0,4,6,6,30,49,56,53,46,4,9,0
931,0,1,4,5,5,33,46,51,45,40,5,6,0
932,2,0,1,5,6,29,35,42,44,37,1,3,0
933,1,1,6,0,6,43,35,54,49,45,5,8,0
934,0,1,2,6,6,47,26,46,50,36,3,10,0
935,0,1,6,5,6,33,40,53,47,54,2,4,1
936,0,1,4,6,6,24,47,54,45,36,8,10,1
937,0,1,4,6,6,56,35,48,44,36,5,8,0
938,0,0,5,5,6,40,48,53,43,39,5,6,0
939,0,0,4,3,6,35,42,50,47,35,6,9,1
940,0,1,6,5,6,39,42,46,39,47,2,7,1
941,0,0,4,3,6,40,37,53,33,41,3,8,1
942,1,1,3,3,6,45,48,53,38,51,4,7,1
943,1,0,5,6,5,31,54,59,51,50,3,7,0
944,0,1,4,6,3,51,34,50,46,33,6,8,0
945,1,1,7,6,6,46,38,49,48,32,7,8,0
946,0,1,4,6,6,32,32,42,52,35,2,1,0
947,0,0,3,6,6,29,38,38,38,30,6,5,0
948,1,0,5,5,6,55,30,47,41,29,7,5,1
949,1,1,3,1,6,40,40,29,41,47,1,0,0
950,2,0,5,6,6,51,27,46,44,30,6,4,1
951,0,1,6,6,6,42,40,49,40,37,3,7,1
952,0,1,4,6,6,25,42,57,47,41,9,10,0
953,0,0,4,6,6,40,41,48,41,40,8,8,1
954,1,1,6,5,6,46,33,46,41,29,5,8,1
955,0,0,4,3,6,49,34,44,42,36,2,2,0
956,0,0,5,6,6,53,36,46,33,20,8,9,0
957,3,0,6,6,6,25,36,42,44,45,2,3,1
958,2,0,5,5,6,23,38,47,51,50,2,2,1
959,0,0,4,3,6,33,50,46,35,54,3,8,1
960,0,1,6,3,6,36,41,55,50,37,5,4,1
961,3,1,4,6,6,35,35,51,55,39,3,5,1
962,0,0,5,0,6,39,46,53,45,40,8,10,1
963,1,0,4,6,6,32,42,57,48,33,6,7,1
964,2,0,4,5,6,42,26,46,44,42,4,9,1
965,0,0,4,6,6,27,48,43,48,44,3,7,1
966,1,1,7,6,6,25,40,51,46,40,4,7,1
967,0,0,7,5,6,27,47,46,45,45,4,9,1
968,0,1,4,6,6,30,42,50,50,44,2,4,0
969,0,1,4,6,6,33,41,57,52,39,7,9,1
970,0,0,4,6,1,22,48,53,33,48,3,8,1
971,4,0,8,3,5,20,48,50,50,47,5,6,1
972,2,1,6,1,6,38,40,45,39,38,6,8,1
973,1,0,4,1,6,40,28,50,36,48,3,7,1
974,0,0,4,6,6,50,31,38,44,38,2,7,1
975,0,0,4,6,6,20,53,54,52,46,2,10,1
976,0,0,4,6,6,48,40,53,35,36,5,10,1
977,5,0,7,6,6,18,40,50,48,47,5,4,0
978,0,0,4,6,6,30,47,51,47,42,3,4,0
979,2,1,7,5,6,30,49,37,53,39,7,9,1
980,3,1,4,6,6,48,32,43,42,47,2,5,1
981,1,1,8,6,0,42,41,51,39,40,2,3,0
982,0,0,4,3,6,40,39,47,38,45,3,6,0
983,0,0,4,5,6,46,47,38,37,34,6,9,1
984,1,1,6,6,6,42,39,57,31,49,5,9,1
985,0,0,4,6,6,34,39,54,49,41,6,10,1
986,0,0,4,3,6,34,42,54,40,35,5,9,1
987,0,0,5,6,6,43,34,41,40,44,6,6,1
988,1,0,4,6,6,52,44,49,34,25,7,9,0
989,0,0,4,6,6,46,29,49,43,35,2,6,0
990,1,0,6,6,6,28,40,47,36,40,7,9,1
991,0,0,4,6,6,52,36,56,44,39,6,9,1
992,0,0,4,0,6,39,51,48,38,28,8,10,1
993,4,0,5,3,6,28,42,50,44,42,3,5,0
994,1,0,6,5,6,25,45,55,56,49,3,7,1
995,0,0,4,6,6,41,45,51,49,36,5,9,1
996,0,0,7,3,6,28,38,44,37,41,5,8,1
997,0,0,7,5,6,28,46,43,46,47,6,8,1
998,1,0,7,5,6,47,38,52,39,48,3,6,1
999,1,1,8,6,6,26,45,44,42,48,3,4,0
1000,0,0,4,6,6,29,43,45,44,51,2,2,0
1001,0,0,1,2,6,48,32,44,42,37,7,8,1
1002,0,0,4,6,6,35,46,37,27,35,7,10,1
1003,3,1,4,3,6,32,41,47,46,47,1,2,0
1004,0,0,4,3,6,55,27,44,33,44,1,4,0
1005,0,0,3,1,6,53,23,38,40,17,3,2,1
1006,0,0,3,6,-4,44,29,33,43,29,7,9,1
1007,0,1,3,6,6,53,33,52,44,35,2,4,0
1008,0,0,4,6,6,35,41,56,49,42,4,7,0
1009,3,0,7,3,6,42,31,42,40,33,3,5,1
1010,0,1,3,5,6,48,46,49,41,40,5,7,1
1011,3,0,6,6,6,29,40,46,43,45,0,4,1
1012,0,1,4,6,6,30,49,57,51,36,4,10,1
1013,1,0,4,6,6,53,31,49,38,31,4,2,1
1014,0,0,4,6,6,42,42,47,44,41,4,8,1
1015,1,0,4,6,6,28,53,52,46,37,8,10,1
1016,3,0,6,6,6,25,44,59,48,50,1,6,0
1017,0,0,5,3,6,18,55,57,44,52,4,8,1
1018,1,0,4,6,6,39,20,40,32,22,6,6,1
1019,0,1,3,5,6,32,31,39,46,49,2,0,1
1020,1,0,3,3,6,38,50,48,33,42,3,8,0
1021,2,1,4,6,6,45,30,36,40,36,4,0,0
1022,0,0,6,6,6,37,33,53,30,47,3,4,1
1023,0,1,4,5,6,55,19,38,40,23,2,3,1
1024,0,0,3,0,6,49,39,56,37,39,3,6,1
1025,0,0,4,6,6,29,38,53,36,23,7,8,1
1026,0,1,3,6,5,39,32,49,47,37,6,6,0
1027,0,1,6,6,6,25,33,41,41,39,3,4,1
1028,3,0,8,6,6,37,42,49,37,42,4,7,0
1029,2,1,6,6,0,42,42,43,43,46,7,9,1
1030,0,1,7,6,6,32,45,50,47,50,3,10,1
1031,0,1,6,5,6,41,33,40,36,39,3,7,1
1032,0,0,4,0,6,29,42,50,50,42,4,8,0
1033,1,0,4,5,6,38,30,45,36,31,7,7,0
1034,0,0,4,6,6,38,35,47,39,40,4,7,1
1035,0,1,4,5,6,48,36,49,39,34,5,10,1
1036,0,0,5,5,6,41,43,57,43,38,5,8,1
1037,0,1,4,6,6,41,45,52,42,40,7,9,1
1038,1,0,4,6,6,19,43,50,47,47,1,3,0
1039,2,1,7,6,6,48,29,46,58,36,3,0,1
1040,0,1,4,6,6,38,34,51,56,49,5,9,1
1041,0,0,4,6,6,43,39,50,38,45,2,6,1
1042,2,1,7,5,6,42,39,32,42,34,6,7,1
1043,2,0,6,5,6,38,24,31,34,31,8,8,1
1044,1,0,4,3,6,46,36,47,49,38,6,5,1
1045,1,1,7,5,6,45,37,36,48,37,1,4,1
1046,0,0,4,5,6,43,48,55,49,35,7,9,1
1047,1,1,7,6,6,49,48,57,26,32,7,9,1
1048,0,0,4,6,6,48,31,49,43,44,1,1,1
1049,0,0,7,5,6,23,55,49,38,46,6,10,1
1050,0,0,5,5,6,25,44,46,45,38,3,4,1
1051,0,1,4,6,6,46,43,55,53,37,6,8,1
1052,1,0,8,3,6,22,39,51,30,44,4,9,1
1053,0,0,4,6,6,29,37,39,41,40,3,5,1
1054,0,0,3,1,6,48,36,35,30,26,7,10,1
1055,0,1,4,6,6,40,36,49,41,39,3,5,1
1056,1,0,1,5,6,28,48,56,39,46,4,7,1
1057,1,1,4,6,6,38,39,51,47,51,1,2,0
1058,2,1,3,6,6,39,31,38,31,31,4,7,0
1059,0,0,6,6,6,43,32,37,40,39,5,7,1
1060,0,0,4,6,6,30,39,51,49,40,2,7,1
1061,3,1,7,3,6,30,40,56,47,48,1,4,1
1062,0,1,3,6,5,33,44,36,44,47,7,6,0
1063,0,1,6,6,2,48,52,56,42,38,7,9,1
1064,1,0,4,6,6,21,39,52,33,45,3,6,1
1065,1,0,7,3,5,29,44,56,47,46,3,9,1
1066,0,0,4,6,6,13,43,54,50,33,6,8,0
1067,2,1,2,1,6,48,35,50,45,52,1,1,1
1068,2,0,6,1,6,30,35,29,41,40,0,2,0
1069,0,0,3,5,6,21,46,46,43,35,6,6,1
1070,1,1,8,5,6,27,40,53,55,54,1,5,1
1071,1,1,7,3,-4,35,30,43,42,50,3,2,1
1072,0,0,7,5,6,40,40,48,39,43,6,6,1
1073,0,0,4,4,6,31,37,53,44,31,3,8,1
1074,0,1,7,5,6,51,29,45,45,39,2,1,0
1075,2,1,8,5,6,29,42,46,41,51,1,1,1
1076,2,0,3,5,6,39,35,43,40,41,4,8,1
1077,0,0,2,5,6,27,36,51,51,40,2,5,0
1078,2,1,5,1,6,40,40,39,44,41,1,2,0
1079,1,1,6,6,6,53,26,57,37,44,4,10,0
1080,3,0,5,5,6,22,46,44,40,44,3,1,0
1081,2,1,5,5,6,41,30,36,44,33,1,2,0
1082,1,1,7,5,5,39,51,45,45,46,5,8,1
1083,0,1,7,5,6,25,50,48,50,50,3,5,1
1084,0,0,7,5,6,33,43,44,45,38,3,5,1
1085,0,1,7,5,6,42,47,40,40,32,2,3,1
1086,0,1,6,5,6,35,39,49,45,45,1,5,1
1087,0,1,7,5,6,33,43,52,42,53,5,7,1
1088,2,0,5,1,6,34,39,50,46,46,2,7,1
1089,0,1,7,3,6,35,46,58,41,44,1,4,0
1090,0,1,7,5,6,41,43,46,41,44,4,4,1
1091,1,1,7,6,6,31,39,48,47,48,4,3,1
1092,1,1,6,5,6,26,49,47,50,40,1,8,1
1093,0,1,7,5,6,42,49,45,57,38,7,7,1
1094,3,1,1,5,6,31,44,38,50,43,4,4,0
1095,0,0,6,0,6,21,34,42,35,32,4,8,0
1096,1,1,6,0,6,23,51,40,39,46,6,7,1
1097,2,0,7,5,0,31,46,47,43,48,6,5,1
1098,1,0,7,5,6,47,32,40,43,43,3,0,1
1099,0,0,3,5,6,30,35,56,54,33,3,4,1
1100,1,0,4,6,6,27,40,51,44,37,6,6,0
1101,0,1,4,6,6,36,37,46,37,37,1,5,0
1102,0,1,7,5,6,24,48,48,46,46,3,7,1
1103,0,0,4,3,6,30,43,45,45,28,4,8,1
1104,0,1,6,6,6,39,39,42,41,50,2,4,1
1105,0,1,7,3,6,28,39,45,40,39,3,9,1
1106,0,1,3,6,6,26,42,57,37,28,4,8,1
1107,1,0,4,3,6,25,32,51,35,26,1,6,1
1108,1,1,8,5,6,34,38,43,56,52,1,6,0
1109,1,1,4,3,6,54,38,49,35,34,4,8,1
1110,0,0,6,5,6,47,47,53,42,38,8,10,1
1111,0,0,4,5,6,27,51,55,51,40,4,7,1
1112,3,0,4,6,6,57,29,33,44,29,6,4,1
1113,0,1,4,6,6,38,39,44,56,51,1,2,1
1114,3,0,8,6,6,40,37,50,45,32,7,6,1
1115,0,0,3,6,6,27,31,41,36,46,2,4,1
1116,0,0,4,6,6,12,43,46,51,54,3,8,1
1117,3,0,1,5,6,41,36,49,26,40,6,5,0
1118,0,0,4,6,5,45,40,54,42,31,7,7,1
1119,0,0,4,6,6,51,31,45,37,37,2,5,1
1120,1,1,6,6,6,21,55,60,50,40,5,10,1
1121,0,0,4,6,6,46,37,46,31,34,6,8,0
1122,1,0,6,5,6,26,48,49,46,47,4,5,1
1123,1,0,4,6,6,32,21,37,38,40,4,8,0
1124,0,0,1,1,6,35,26,56,43,39,2,4,0
1125,1,0,5,5,6,43,33,38,43,32,5,4,1
1126,1,0,3,5,6,26,40,29,46,42,7,6,1
1127,1,0,5,6,6,49,30,43,42,24,3,5,0
1128,4,0,2,6,6,41,37,42,32,46,3,6,0
1129,0,0,4,6,6,49,33,51,45,36,5,9,0
1130,0,0,4,6,6,46,25,41,50,32,6,7,1
1131,0,0,4,3,6,22,31,52,53,28,3,7,1
1132,0,0,4,3,6,40,41,45,43,27,7,8,1
1133,1,1,5,6,6,56,45,51,29,28,8,10,0
1134,1,0,7,2,6,42,35,47,35,40,3,5,1
1135,2,0,5,0,6,24,41,56,50,44,7,8,0
1136,0,0,7,6,6,40,48,38,37,38,8,7,1
1137,0,0,3,6,6,49,44,44,34,29,7,9,0
1138,1,1,8,5,6,35,42,40,43,45,1,3,1
1139,1,1,6,3,6,39,26,46,47,32,3,3,1
1140,1,0,4,6,6,41,31,49,16,38,8,9,1
1141,0,1,4,6,6,27,43,47,52,40,3,9,1
1142,1,1,6,0,6,51,28,51,36,30,5,9,0
1143,2,0,5,6,6,40,31,47,42,46,5,6,0
1144,0,1,4,6,6,54,26,54,52,33,3,9,1
1145,3,0,6,5,6,38,32,41,41,37,4,3,0
1146,0,0,4,4,6,51,34,41,35,25,3,6,1
1147,1,0,7,6,6,38,35,48,43,34,2,2,1
1148,1,0,6,6,6,14,37,38,33,48,3,6,1
1149,2,0,5,6,6,53,33,47,33,32,6,4,0
1150,0,0,4,6,6,37,41,47,39,37,5,10,1
1151,3,1,3,0,6,30,44,44,46,48,2,4,0
1152,1,0,4,6,6,48,37,50,50,45,4,7,0
1153,2,1,6,6,6,52,27,42,41,32,6,3,0
1154,4,1,7,6,5,39,35,41,35,40,5,10,0
1155,0,0,3,3,6,41,34,45,42,27,5,9,0
1156,0,1,7,5,6,40,41,48,48,38,4,8,1
1157,0,0,8,5,6,27,51,56,53,38,3,9,1
1158,0,1,4,5,6,38,39,44,39,45,3,4,0
1159,0,0,4,5,6,42,52,57,46,39,7,8,0
1160,3,0,5,4,6,31,40,44,35,48,2,7,0
1161,1,1,6,1,6,42,39,47,43,33,4,9,1
1162,0,0,2,6,5,44,32,36,37,43,5,8,1
1163,0,0,4,6,6,36,39,56,44,44,5,10,1
1164,1,1,8,5,6,34,33,48,49,54,2,4,1
1165,1,0,2,0,6,32,42,46,44,45,4,6,0
1166,1,0,4,6,6,44,32,49,39,49,6,5,1
1167,2,0,6,6,6,32,36,52,48,28,8,10,1
1168,1,0,6,6,6,41,33,53,41,46,3,6,1
1169,0,0,3,6,6,44,38,55,38,34,6,8,1
1170,3,0,5,6,6,40,39,45,30,34,5,7,1
1171,2,1,6,6,6,25,48,55,51,44,2,5,1
1172,2,0,4,6,6,37,36,46,38,43,2,7,0
1173,0,0,4,6,6,33,41,39,47,48,6,7,1
1174,0,1,4,6,6,40,41,55,47,46,1,6,0
1175,0,0,4,6,5,36,34,52,41,49,3,8,0
1176,1,0,7,6,6,39,34,46,37,49,8,10,1
1177,0,0,4,6,5,23,40,40,48,40,3,8,0
1178,0,0,4,3,6,44,39,46,34,35,1,6,1
1179,1,1,4,6,6,31,42,47,53,43,7,7,1
1180,1,1,7,6,6,55,43,57,24,32,8,10,0
1181,0,0,4,6,6,28,38,42,48,40,3,2,0
1182,0,0,4,6,6,34,28,48,39,40,2,7,0
1183,1,0,4,3,6,52,37,42,40,34,4,7,1
1184,1,1,5,0,6,40,37,42,56,36,5,6,1
1185,0,0,6,6,6,31,47,52,41,53,2,5,1
1186,3,0,1,6,6,34,31,45,49,44,3,8,0
1187,0,0,4,6,6,44,38,50,37,35,6,8,1
1188,0,0,4,3,6,26,44,48,47,36,8,7,1
1189,1,1,6,5,6,48,38,52,46,42,4,6,1
1190,4,1,8,6,6,32,43,49,40,42,3,6,1
1191,0,0,4,1,6,25,49,49,39,42,7,7,0
1192,0,0,7,6,6,18,42,51,54,48,2,4,1
1193,0,1,4,6,6,42,44,49,44,22,8,9,0
1194,0,0,3,1,6,51,29,49,46,33,8,9,1
1195,0,0,4,6,6,14,47,53,53,38,4,7,1
1196,2,0,6,6,6,39,41,51,36,45,5,9,1
1197,0,0,4,6,6,45,37,46,40,29,6,7,1
1198,0,0,4,6,6,41,38,42,38,38,3,8,0
1199,1,0,6,1,6,27,38,45,30,40,5,1,0
1200,1,0,1,6,6,32,21,41,43,44,1,3,1
1201,0,0,4,6,6,55,19,37,45,27,5,9,0
1202,1,1,6,3,6,37,28,49,49,29,3,3,1
1203,0,0,4,6,6,39,46,57,38,37,7,10,1
1204,0,0,4,6,6,29,45,48,36,36,3,8,1
1205,0,0,3,6,3,40,43,44,34,40,5,9,1
1206,1,0,4,6,6,44,30,49,36,33,4,8,0
1207,0,1,3,5,6,26,36,46,29,31,7,7,1
1208,3,0,6,5,6,31,50,55,52,50,3,5,0
1209,0,0,5,6,5,37,40,51,28,51,6,10,1
1210,0,0,4,1,-4,22,33,50,36,39,5,7,0
1211,3,0,6,0,6,26,44,43,36,47,6,8,1
1212,0,0,4,1,6,23,47,50,39,36,6,7,1
1213,0,0,4,3,6,33,32,48,40,34,1,8,1
1214,0,1,4,1,6,45,41,50,42,26,1,7,0
1215,0,0,4,0,6,33,41,50,40,42,4,8,1
1216,2,1,5,5,6,43,43,36,37,43,7,8,1
1217,1,0,5,6,6,48,36,52,43,35,6,8,1
1218,0,0,5,1,6,34,49,55,44,31,5,8,1
1219,0,0,4,6,6,40,44,44,37,42,4,8,1
1220,1,1,7,6,6,39,48,45,38,34,4,4,1
1221,0,1,4,3,6,24,41,51,35,30,2,8,0
1222,0,1,5,6,6,46,46,48,32,35,6,7,0
1223,0,1,3,6,6,46,38,47,33,37,6,9,1
1224,0,0,4,6,6,33,44,48,40,42,7,9,1
1225,1,0,8,6,6,31,22,30,42,41,3,2,1
1226,0,1,4,6,6,45,38,46,43,39,3,5,1
1227,0,0,6,6,6,42,49,50,44,48,4,10,1
1228,1,1,6,6,6,41,44,54,42,31,5,5,1
1229,2,0,1,6,6,47,36,47,47,30,1,5,0
1230,0,0,4,6,-4,26,52,54,44,46,5,7,0
1231,0,1,3,6,6,37,41,53,40,41,4,6,1
1232,0,1,6,3,5,46,31,53,29,38,7,9,1
1233,0,1,4,3,6,51,37,49,47,45,4,6,1
1234,0,0,6,5,6,43,37,50,47,41,4,7,1
1235,0,0,4,6,6,36,32,46,45,46,1,1,0
1236,4,0,7,6,6,37,44,50,41,46,3,3,1
1237,3,1,7,5,6,21,45,54,47,42,3,1,1
1238,0,0,6,6,6,36,45,52,40,50,4,4,0
1239,1,0,3,6,6,39,42,52,50,36,5,6,1
1240,0,1,6,5,6,35,41,49,34,45,5,8,1
1241,3,1,4,5,6,40,40,48,47,42,5,4,0
1242,2,1,6,5,6,46,30,43,42,35,3,4,1
1243,1,1,6,5,6,24,45,37,36,41,3,7,0
1244,3,1,6,5,6,27,26,36,52,48,1,4,0
1245,1,1,6,5,6,41,40,39,44,31,2,4,1
1246,3,1,6,5,6,24,51,46,44,54,1,3,0
1247,3,1,5,5,6,24,38,30,53,32,1,1,0
1248,4,0,6,5,6,37,36,40,40,32,5,6,1
1249,3,1,5,5,6,30,38,44,51,46,1,5,1
1250,3,1,7,5,6,31,39,55,43,48,8,8,1
1251,2,1,7,5,6,27,39,49,40,49,2,4,1
1252,3,1,8,5,3,43,39,54,40,47,5,8,1
1253,2,1,2,5,6,39,28,32,36,31,1,0,1
1254,2,1,6,5,6,32,31,32,45,40,1,2,1
1255,1,1,6,5,5,36,34,44,40,37,3,5,0
1256,3,1,6,5,6,49,35,48,52,43,1,4,1
1257,2,1,6,5,6,26,36,46,34,46,6,7,1
1258,1,1,7,5,6,50,31,41,37,42,2,4,1
1259,1,1,8,5,6,27,45,42,39,42,1,3,0
1260,3,1,7,5,6,32,34,43,35,41,8,7,0
1261,3,1,6,5,6,29,42,44,45,36,4,7,1
1262,1,1,4,5,6,50,36,53,50,36,8,6,0
1263,1,1,5,5,6,39,46,39,44,46,5,8,1
1264,3,1,6,5,6,36,39,41,45,46,2,5,1
1265,1,1,5,5,6,32,34,38,47,42,5,7,1
1266,2,1,1,5,6,28,40,38,41,44,4,5,1
1267,1,1,7,5,6,53,33,44,31,26,7,10,1
1268,2,1,5,5,6,37,32,43,47,44,1,0,1
1269,2,1,6,5,6,40,40,38,32,42,4,7,1
1270,1,1,7,5,6,35,37,43,54,44,1,4,1
1271,1,1,5,5,6,24,39,38,49,43,2,4,0
1272,4,1,6,5,6,34,39,47,48,38,6,2,1
1273,2,1,4,3,6,52,33,33,48,34,4,0,0
1274,2,0,8,3,6,52,39,52,36,39,3,5,0
1275,2,1,7,5,6,26,41,49,41,46,3,5,1
1276,3,1,5,5,6,21,35,34,44,53,2,6,0
1277,0,0,4,6,6,31,47,50,39,33,5,9,1
1278,1,1,4,6,3,35,49,58,37,38,7,9,1
1279,2,1,5,6,6,25,38,51,49,49,1,6,0
1280,0,1,6,5,0,42,41,38,45,38,5,4,1
1281,0,0,6,5,0,44,44,40,28,48,8,10,0
1282,0,0,4,6,6,24,51,48,50,45,3,5,0
1283,0,1,4,5,5,23,40,47,44,40,2,6,0
1284,0,1,4,6,6,44,25,49,35,27,8,9,0
1285,0,0,4,6,6,54,33,46,35,32,2,2,1
1286,0,0,4,6,-4,20,52,60,48,44,7,9,1
1287,0,0,4,6,6,43,43,41,33,38,8,8,0
1288,2,1,6,6,6,30,43,58,40,41,6,9,1
1289,0,1,4,6,6,35,46,46,36,39,3,7,0
1290,0,0,7,5,6,31,42,52,42,47,3,6,1
1291,0,0,4,3,5,47,28,46,36,34,4,8,1
1292,1,0,5,5,6,33,45,48,41,43,8,9,1
1293,1,0,4,6,6,53,32,49,32,32,7,9,1
1294,1,1,7,6,6,43,53,54,38,51,6,10,1
1295,0,1,4,6,6,53,23,51,38,34,3,4,1
1296,0,0,4,6,6,36,36,54,48,33,2,8,0
1297,0,1,4,6,6,32,43,45,37,50,3,6,1
1298,0,0,4,6,5,32,40,50,42,38,4,9,0
1299,2,1,6,6,6,19,43,50,34,38,5,6,1
1300,1,0,4,6,6,45,39,56,44,44,5,9,0
1301,2,1,4,6,6,30,33,55,45,37,3,6,0
1302,0,1,4,6,6,38,48,47,49,49,4,3,0
1303,0,0,6,6,6,29,49,55,52,49,1,6,1
1304,2,0,6,0,6,35,36,39,39,45,1,0,1
1305,0,1,4,6,6,31,45,56,49,31,7,7,1
1306,0,0,4,0,6,58,22,53,43,23,4,3,1
1307,1,0,4,6,6,32,44,57,39,44,4,8,0
1308,1,0,7,5,6,27,31,45,38,43,3,5,1
1309,1,1,6,3,5,32,43,47,46,42,5,7,1
1310,1,1,7,4,6,23,56,51,56,44,5,10,1
1311,0,0,1,3,6,41,34,39,38,40,5,7,1
1312,0,1,4,5,6,33,42,48,46,47,3,6,1
1313,2,1,7,6,6,26,52,52,40,53,2,6,1
1314,0,1,4,6,6,24,54,29,33,31,8,9,1
1315,2,0,6,6,6,27,46,50,49,49,5,9,1
1316,0,0,6,3,6,20,47,51,41,50,3,7,0
1317,1,0,5,6,6,27,39,51,31,39,3,5,1
1318,1,1,6,5,6,36,45,34,34,46,2,4,1
1319,0,1,4,6,0,40,31,43,49,41,6,9,1
1320,2,0,6,6,6,29,38,44,42,50,3,6,1
1321,0,0,4,6,6,44,46,45,41,40,7,8,1
1322,0,1,4,6,5,31,45,58,48,40,1,3,0
1323,0,1,6,3,6,38,42,59,46,29,4,5,1
1324,2,0,4,6,6,46,30,45,45,51,2,3,0
1325,0,1,4,6,6,40,36,53,46,34,4,4,0
1326,0,0,5,0,6,42,26,48,44,38,2,9,0
1327,0,0,5,1,6,27,42,55,41,39,7,10,0
1328,0,0,4,6,6,24,38,47,51,49,4,5,0
1329,0,1,6,6,6,29,45,53,54,44,3,5,1
1330,1,1,6,5,6,53,34,54,32,33,6,7,1
1331,0,0,6,6,3,50,39,46,54,33,5,7,1
1332,2,0,6,6,6,48,32,52,44,37,2,7,0
1333,0,1,5,1,6,53,30,33,37,55,1,2,0
1334,0,0,6,6,6,40,38,49,37,44,5,7,1
1335,1,0,4,3,6,15,42,51,57,42,7,8,1
1336,3,0,6,6,6,48,31,49,37,42,2,6,0
1337,0,1,6,5,6,36,50,41,48,50,4,4,1
1338,0,1,6,5,1,37,40,43,38,47,4,5,1
1339,2,0,5,1,6,37,43,48,39,47,5,7,1
1340,0,0,5,6,6,52,26,44,40,21,7,9,1
1341,0,0,3,6,5,30,59,58,39,48,8,9,1
1342,2,0,3,6,1,43,30,39,41,38,2,7,1
1343,2,1,8,3,6,32,37,54,44,30,5,7,0
1344,0,0,5,5,6,38,44,33,36,35,6,7,1
1345,0,0,3,1,6,49,31,38,26,48,1,5,1
1346,0,0,3,3,6,44,47,56,51,44,6,9,1
1347,3,0,4,6,6,44,39,49,42,43,4,5,1
1348,0,0,6,6,6,43,27,52,40,26,3,7,1
1349,0,1,3,6,6,47,33,44,45,39,3,4,0
1350,0,1,4,5,6,26,55,48,35,32,8,8,1
1351,0,1,4,6,6,19,33,47,43,37,4,7,0
1352,0,1,6,5,6,40,36,39,42,51,1,0,1
1353,4,0,6,6,6,52,24,38,35,40,6,3,0
1354,0,1,3,6,6,30,44,54,48,43,4,6,0
1355,0,0,4,6,6,46,33,55,42,32,6,7,1
1356,0,0,6,6,6,34,42,50,49,42,7,8,0
1357,1,0,4,3,6,21,44,50,43,46,6,7,1
1358,0,0,5,1,6,40,41,44,37,45,6,7,0
1359,0,0,4,6,6,23,37,52,40,31,6,7,0
1360,0,0,4,6,6,31,28,49,36,43,3,5,0
1361,0,1,4,0,6,41,46,56,43,50,5,6,1
1362,0,1,4,3,6,26,45,56,35,24,3,8,0
1363,0,0,4,6,6,44,32,50,48,33,6,4,1
1364,1,1,7,5,6,39,36,47,47,54,3,6,1
1365,0,0,4,5,6,44,44,40,36,31,7,8,1
1366,2,1,6,6,6,35,33,48,50,35,6,5,1
1367,0,1,1,1,6,37,38,46,31,25,7,7,1
1368,0,0,3,6,6,38,27,49,46,31,1,3,0
1369,0,1,4,6,6,50,44,53,33,33,6,8,1
1370,0,0,4,6,6,40,50,53,46,40,5,9,1
1371,1,1,5,6,6,57,41,47,35,30,8,10,0
1372,1,1,7,5,6,30,37,35,48,38,1,0,1
1373,0,0,4,6,6,48,41,50,41,32,1,5,0
1374,1,0,6,1,6,47,41,44,46,36,5,8,1
1375,3,0,6,5,5,30,36,46,42,41,1,2,1
1376,0,0,3,5,6,26,51,48,48,34,4,9,0
1377,2,0,6,3,6,50,36,52,32,39,3,8,1
1378,1,1,7,5,6,42,42,43,52,48,1,4,1
1379,1,1,7,1,3,50,33,51,43,54,3,2,0
1380,0,0,4,6,6,30,43,56,42,44,6,9,1
1381,1,1,6,5,6,25,45,39,40,46,2,2,1
1382,0,0,4,6,6,26,43,53,54,50,3,9,1
1383,0,0,4,3,6,24,38,52,50,34,2,5,1
1384,0,1,6,6,6,29,42,49,48,43,7,10,1
1385,0,0,4,6,6,22,48,55,39,51,3,9,1
1386,0,1,4,5,6,33,37,44,43,46,1,2,1
1387,3,1,4,5,6,35,33,53,39,40,4,6,1
1388,1,1,8,6,6,41,42,56,39,37,3,4,0
1389,2,1,5,5,6,42,43,49,39,35,7,7,1
1390,0,0,4,6,6,34,43,52,38,44,2,5,1
1391,0,0,6,6,6,44,42,42,43,41,7,7,1
1392,0,0,4,6,3,31,53,57,39,32,8,10,1
1393,3,0,5,5,6,32,41,41,40,43,1,1,0
1394,1,1,7,5,6,49,42,45,43,45,2,3,0
1395,1,1,7,5,6,43,40,47,48,51,1,4,0
1396,1,1,6,5,6,40,39,46,48,46,3,4,1
1397,1,1,7,5,6,52,37,37,52,35,1,1,1
1398,0,1,6,5,6,30,43,52,53,46,3,7,1
1399,0,0,4,5,6,28,47,46,51,54,6,7,0
1400,1,1,6,5,6,44,34,42,40,40,2,4,1
1401,1,1,7,5,6,46,46,39,39,41,1,2,1
1402,1,1,6,5,6,42,41,47,51,45,2,2,1
1403,1,1,6,5,6,45,40,52,49,38,1,6,1
1404,1,1,6,5,6,40,40,38,44,46,1,3,1
1405,0,1,6,5,6,16,41,33,58,35,0,3,1
1406,1,1,8,5,-4,51,48,50,45,36,5,2,1
1407,1,1,6,5,6,38,36,35,46,31,1,3,1
1408,1,1,7,5,6,28,45,54,51,45,4,9,1
1409,1,0,7,5,6,49,31,42,46,32,6,8,1
1410,1,1,8,5,6,18,33,41,44,38,2,8,1
1411,1,1,6,5,6,30,37,50,52,50,2,2,0
1412,1,1,6,6,6,40,38,55,41,51,3,7,1
1413,1,1,7,5,6,46,45,54,43,44,1,6,1
1414,1,1,6,5,6,46,35,44,38,47,2,3,1
1415,1,1,8,5,6,32,54,55,47,46,3,6,1
1416,0,0,1,5,6,53,30,45,31,29,6,8,0
1417,0,0,4,0,6,25,32,40,45,44,1,4,1
1418,0,1,6,5,0,45,35,41,45,42,2,4,0
1419,1,1,7,4,6,34,38,37,54,40,1,2,1
1420,0,0,4,6,6,32,45,55,47,42,4,9,1
1421,1,0,4,6,6,44,37,50,38,38,6,9,0
1422,1,0,4,6,6,34,43,51,39,44,3,9,1
1423,3,0,0,4,6,35,33,46,50,34,4,9,0
1424,0,0,6,6,6,28,51,56,46,40,4,7,0
1425,1,0,4,5,6,42,36,44,40,33,7,8,1
1426,1,1,6,6,6,33,44,54,48,46,4,9,1
1427,2,0,5,5,1,39,42,45,42,42,7,7,1
1428,0,1,5,5,5,36,40,45,45,53,6,7,1
1429,0,0,4,6,6,27,51,50,34,49,5,9,0
1430,0,1,4,6,6,43,38,41,46,35,3,5,0
1431,0,0,4,6,6,33,49,55,39,41,6,9,1
1432,0,1,4,6,6,48,47,42,28,37,8,7,1
1433,3,1,8,5,6,26,31,41,40,46,2,1,1
1434,1,1,7,5,-4,39,33,42,58,51,1,2,1
1435,1,1,7,5,6,40,30,38,47,44,1,0,0
1436,4,1,7,5,6,28,40,47,45,47,5,4,1
1437,4,1,5,5,6,28,36,48,45,33,8,7,1
1438,0,0,1,6,6,48,37,48,46,41,2,9,0
1439,0,0,4,6,6,20,47,51,37,49,2,6,1
1440,0,0,4,3,6,29,44,46,35,36,3,8,1
1441,2,1,7,5,6,34,40,40,48,45,1,2,1
1442,3,1,7,5,6,25,39,47,52,50,2,2,1
1443,1,1,7,5,6,46,33,41,51,48,1,1,0
1444,2,1,8,5,6,31,46,51,49,46,2,2,1
1445,2,1,7,5,6,29,37,38,54,48,2,3,1
1446,3,1,7,5,6,23,41,48,49,49,1,2,1
1447,1,1,7,5,6,29,46,48,50,54,4,3,0
1448,1,1,7,5,6,36,44,38,39,53,3,6,0
1449,1,1,6,6,1,25,49,50,51,52,5,8,1
1450,0,1,7,5,0,30,41,40,47,47,3,5,0
1451,1,1,7,5,6,26,47,52,36,51,3,4,1
1452,1,1,8,5,6,26,36,46,50,53,1,5,1
1453,0,0,4,6,6,40,37,58,30,55,7,10,0
1454,0,1,6,5,6,39,41,35,46,49,1,2,0
1455,1,1,8,5,6,31,40,45,48,47,2,4,1
1456,0,0,5,6,6,43,35,55,55,39,2,10,1
1457,3,1,7,5,6,19,44,47,52,52,2,3,1
1458,1,1,8,5,6,41,32,43,54,45,1,7,0
1459,1,1,6,5,6,24,36,45,46,49,2,4,0
1460,0,1,6,5,6,27,45,46,50,37,3,3,1
1461,2,1,8,5,6,19,50,47,44,47,4,3,1
1462,4,0,7,5,6,37,44,52,45,36,2,2,1
1463,1,0,7,5,6,37,41,43,46,43,2,7,1
1464,0,0,4,6,6,25,45,52,49,45,3,8,1
1465,1,0,7,5,6,14,48,42,48,38,5,6,0
1466,1,1,4,6,2,43,36,44,37,41,6,5,0
1467,0,1,6,6,6,30,42,51,42,46,1,4,1
1468,4,1,6,6,6,20,45,52,53,48,3,6,0
1469,1,1,7,5,6,34,34,37,51,43,1,4,0
1470,0,1,6,5,6,39,40,46,48,40,1,2,1
1471,5,0,6,5,6,20,39,42,57,45,1,0,0
1472,4,0,7,5,6,28,38,48,45,51,3,3,1
1473,0,0,4,6,6,34,43,45,36,43,2,9,1
1474,1,1,7,6,6,33,42,52,46,43,2,6,1
1475,3,0,4,1,5,46,35,40,35,47,8,9,0
1476,1,1,4,6,6,57,26,42,27,24,7,9,1
1477,1,0,5,1,6,32,37,45,40,43,2,3,1
1478,0,0,4,6,6,40,35,46,41,32,1,7,1
1479,0,0,4,6,6,27,49,56,43,38,8,10,1
1480,2,1,5,6,6,35,36,31,43,40,2,3,1
1481,1,1,4,6,5,49,42,51,49,43,2,6,0
1482,3,1,6,6,6,51,22,47,43,26,6,0,0
1483,3,1,8,5,6,27,40,47,44,47,3,5,1
1484,1,1,6,5,6,33,43,51,53,41,2,8,1
1485,2,0,5,6,6,41,32,43,44,33,6,3,0
1486,1,1,8,5,6,26,49,40,49,46,2,4,1
1487,0,0,4,3,6,25,47,54,32,37,5,9,1
1488,1,1,6,5,6,35,38,37,43,47,2,2,1
1489,0,0,6,0,6,43,40,45,36,46,7,4,1
1490,1,1,4,6,6,31,37,45,31,32,8,10,1
1491,1,1,8,5,6,49,35,42,33,49,6,0,1
1492,0,1,7,5,6,35,47,36,40,36,6,9,1
1493,0,0,4,6,6,50,36,41,40,30,7,8,1
1494,3,0,4,6,6,34,38,50,44,40,7,9,0
1495,0,0,4,6,6,55,33,43,41,29,7,6,1
1496,0,0,4,5,6,45,16,43,33,28,8,8,1
1497,0,0,4,5,6,28,33,46,39,39,2,6,0
1498,1,0,7,3,6,25,41,48,37,35,4,9,1
1499,3,1,0,6,6,42,39,43,40,34,4,4,1
1500,3,0,6,6,6,26,46,49,43,46,6,9,1
1501,1,0,8,6,5,32,43,46,39,42,5,9,1
1502,0,1,4,6,6,42,41,50,29,42,8,5,0
1503,0,0,6,6,6,40,26,52,42,38,4,4,1
1504,1,0,6,6,6,31,43,55,41,39,4,8,1
1505,0,1,6,6,3,31,40,44,44,38,7,9,1
1506,2,1,5,6,6,52,19,48,51,36,3,5,1
1507,3,1,8,5,6,36,50,53,47,54,3,4,1
1508,0,1,1,5,6,59,21,53,38,25,3,3,0
1509,0,1,6,5,6,46,35,52,31,39,4,7,1
1510,1,1,5,6,6,43,31,51,47,42,5,8,1
1511,1,0,4,6,6,45,24,45,40,35,1,3,0
1512,0,0,6,6,6,43,34,56,44,32,3,4,1
1513,0,0,0,6,6,56,35,48,39,41,1,3,1
1514,0,0,4,6,3,34,36,40,39,38,3,0,0
1515,1,0,3,6,6,48,22,48,41,27,4,4,0
1516,0,0,4,6,6,46,37,46,34,33,8,9,1
1517,0,0,3,6,6,28,52,56,36,39,8,10,1
1518,3,0,8,6,6,42,30,55,37,38,8,8,1
1519,0,0,5,6,6,36,28,57,37,43,4,7,1
1520,0,0,4,6,6,33,34,37,34,27,2,6,0
1521,0,0,4,3,6,49,38,45,42,32,4,5,1
1522,0,0,5,6,6,49,28,53,37,31,7,8,1
1523,1,0,5,6,6,35,19,54,52,45,1,0,0
1524,0,0,4,6,6,44,53,57,44,37,8,10,0
1525,0,0,3,6,6,51,23,54,46,31,5,7,0
1526,0,0,1,0,6,44,48,48,35,35,6,10,1
1527,0,0,3,6,6,41,48,54,40,38,8,8,1
1528,0,0,4,6,6,45,40,53,35,30,7,7,1
1529,0,1,6,5,6,20,52,50,33,43,7,10,1
1530,0,0,4,6,6,22,46,56,43,41,7,8,1
1531,0,0,0,2,6,25,33,53,51,38,6,9,0
1532,1,1,6,6,5,34,46,54,48,40,3,6,1
1533,0,0,4,6,6,46,27,50,42,22,6,5,1
1534,0,0,4,6,5,27,48,43,39,42,6,9,1
1535,1,0,3,0,6,36,42,39,45,37,2,8,1
1536,2,1,4,4,6,39,40,40,39,38,2,6,1
1537,0,1,4,6,5,31,45,48,55,53,1,5,1
1538,0,1,4,6,6,37,33,38,46,33,2,8,1
1539,0,1,4,6,5,36,51,42,40,55,6,10,0
1540,0,0,4,6,6,47,35,52,49,35,7,8,1
1541,0,1,4,6,6,42,39,57,52,43,6,3,1
1542,0,0,4,6,6,22,48,39,46,48,4,10,1
1543,1,0,4,6,6,44,18,48,34,26,6,8,1
1544,0,0,4,5,6,34,37,41,38,29,7,8,0
1545,0,0,4,6,6,44,45,52,47,36,4,6,0
1546,0,1,4,6,6,46,33,52,44,41,2,7,0
1547,0,0,3,6,5,33,26,48,39,33,5,7,0
1548,0,1,4,6,6,50,41,52,43,46,5,8,0
1549,1,0,6,5,6,25,36,34,45,50,1,3,1
1550,1,1,7,5,6,29,33,50,45,50,2,3,1
1551,1,1,5,5,6,31,40,38,45,42,4,4,1
1552,4,1,5,5,6,40,29,33,37,39,1,0,0
1553,3,1,4,5,6,34,33,37,39,45,3,6,1
1554,3,1,5,5,6,30,36,37,49,48,1,0,1
1555,0,0,4,5,6,35,22,40,31,39,7,5,1
1556,1,0,7,5,6,22,47,46,43,51,4,6,1
1557,0,1,7,5,6,39,45,39,45,44,3,7,1
1558,1,1,4,5,6,24,50,42,53,49,4,5,1
1559,4,1,6,5,6,20,50,49,48,52,4,4,0
1560,0,1,6,5,-4,27,39,40,38,50,2,5,1
1561,1,1,7,5,0,43,41,41,37,49,1,3,0
1562,2,1,6,5,6,42,29,44,45,41,2,0,0
1563,3,1,0,5,6,38,38,37,39,40,3,4,0
1564,2,0,5,5,6,43,29,40,42,33,6,6,0
1565,2,1,6,5,6,35,51,26,38,56,1,1,1
1566,3,1,5,5,6,31,38,36,52,54,2,4,1
1567,2,1,5,5,6,44,45,48,51,44,1,2,1
1568,3,1,5,5,6,57,20,44,37,36,2,1,0
1569,2,0,7,5,6,22,45,54,54,42,4,5,1
1570,1,0,6,5,6,35,43,38,38,40,1,3,1
1571,1,1,7,5,6,26,48,43,42,42,6,3,1
1572,3,0,5,5,6,28,37,46,54,47,2,4,1
1573,0,1,4,5,6,30,38,40,47,46,2,1,0
1574,1,1,7,5,6,39,40,44,47,45,4,8,1
1575,3,1,5,5,6,46,42,51,53,38,6,3,0
1576,2,1,6,5,6,35,46,38,49,52,1,0,0
1577,2,1,4,5,6,33,41,33,40,45,1,4,0
1578,1,1,7,5,6,33,45,42,52,48,4,3,1
1579,3,1,6,5,6,26,39,38,40,46,1,3,0
1580,3,1,7,5,6,40,37,55,51,47,3,4,0
1581,2,1,1,5,6,31,41,43,51,46,1,4,1
1582,3,1,5,5,6,42,29,29,37,43,1,0,1
1583,2,1,7,5,6,33,39,37,46,51,3,3,0
1584,2,0,5,5,6,39,31,46,48,43,2,3,1
1585,2,1,7,5,6,43,54,47,54,43,4,8,1
1586,1,1,6,5,6,37,47,47,42,46,6,7,1
1587,2,1,6,5,6,36,39,52,41,46,4,3,1
1588,2,1,5,5,6,32,45,34,39,45,3,5,1
1589,2,0,1,5,6,24,53,42,39,43,3,5,1
1590,2,0,5,5,6,19,49,46,45,48,5,6,0
1591,2,1,6,5,6,44,35,40,52,49,3,7,1
1592,3,1,5,5,6,19,45,39,58,49,1,0,1
1593,3,1,6,5,6,28,52,43,50,45,6,10,1
1594,2,1,8,5,6,36,45,48,43,41,3,4,1
1595,1,1,6,5,6,33,47,43,42,45,2,3,1
1596,1,1,6,5,6,30,51,52,43,40,7,8,1
1597,4,1,4,5,6,35,44,47,46,45,3,1,1
1598,2,1,6,5,6,29,42,39,47,43,2,3,1
1599,1,1,7,5,6,28,48,33,44,47,2,3,1
1600,1,1,5,5,6,25,47,36,45,42,2,3,0
1601,1,1,5,5,6,29,46,38,42,46,4,5,1
1602,1,0,7,5,6,37,44,47,37,52,2,1,0
1603,4,1,7,5,6,39,43,53,41,36,5,8,1
1604,1,1,6,5,6,35,56,57,49,35,8,9,0
1605,3,0,1,5,6,32,52,46,48,50,1,3,1
1606,1,1,6,5,0,33,53,30,37,41,7,5,0
1607,2,1,5,5,6,22,49,49,46,46,2,2,1
1608,2,1,7,5,6,28,42,46,42,49,3,5,1
1609,1,0,4,6,6,33,32,59,37,37,7,8,0
1610,1,1,6,5,6,34,32,34,49,47,2,0,0
1611,3,1,6,5,6,38,44,39,48,38,1,0,1
1612,1,1,6,5,6,32,37,36,50,48,1,1,0
1613,2,1,6,5,-4,37,48,39,46,42,3,5,1
1614,1,0,4,5,6,15,54,48,33,46,6,9,0
1615,2,1,8,5,6,25,43,54,50,57,3,6,1
1616,4,0,5,5,6,42,29,35,48,39,4,5,1
1617,1,0,7,5,6,41,40,51,47,40,6,10,1
1618,3,0,5,5,6,39,41,38,47,46,5,4,1
1619,1,0,4,6,6,39,38,53,41,35,6,10,1
1620,3,0,5,5,6,37,40,43,39,47,3,7,1
1621,1,0,6,5,1,49,38,39,41,40,4,4,1
1622,2,0,5,5,6,22,39,50,46,49,4,5,1
1623,2,0,6,5,6,41,34,37,47,35,4,2,1
1624,3,0,7,5,6,37,35,45,38,40,2,3,1
1625,2,0,4,5,6,28,43,46,44,43,3,6,1
1626,2,1,5,5,6,28,42,37,48,47,1,2,1
1627,1,1,5,5,6,23,44,36,47,46,1,2,1
1628,1,1,7,5,6,20,48,37,42,51,1,0,0
1629,1,1,7,5,6,42,40,46,48,42,1,4,0
1630,3,1,5,5,6,37,39,40,45,46,5,4,0
1631,2,1,6,5,6,34,43,52,36,34,4,7,1
1632,2,1,5,5,6,18,43,45,58,49,2,3,1
1633,2,0,5,1,6,51,41,43,43,53,7,10,1
1634,3,1,5,5,1,32,42,40,41,45,6,7,1
1635,0,1,3,5,6,36,30,37,43,42,1,0,0
1636,4,0,0,5,6,23,40,34,46,46,2,4,1
1637,3,1,5,5,6,36,44,34,36,42,2,2,0
1638,0,0,4,6,6,53,31,47,33,34,6,9,1
1639,3,1,1,5,6,38,36,41,45,45,2,4,1
1640,3,1,5,5,6,35,41,39,42,40,4,2,1
1641,2,1,5,5,6,39,44,42,47,43,5,6,1
1642,3,1,5,5,6,46,40,45,49,48,4,3,1
1643,1,1,7,5,6,21,43,36,41,49,1,3,0
1644,3,1,5,5,6,36,34,46,46,41,2,3,0
1645,1,1,7,5,6,29,39,41,48,44,3,5,0
1646,3,0,1,5,6,36,47,44,43,41,3,4,1
1647,2,0,5,5,6,36,33,47,49,46,1,1,1
1648,2,0,5,5,6,44,34,42,46,39,4,7,1
1649,1,1,7,5,6,29,43,45,48,51,3,4,0
1650,1,1,6,5,6,34,38,40,41,51,2,5,0
1651,1,1,6,5,6,36,50,54,51,46,7,7,1
1652,4,0,4,6,6,21,31,40,33,39,2,8,0
1653,0,0,6,6,6,38,31,48,40,33,4,2,1
1654,1,1,8,5,6,28,46,44,54,51,2,6,1
1655,4,0,1,5,6,39,38,41,32,45,3,2,1
1656,2,1,6,5,6,28,47,33,48,48,2,1,1
1657,0,1,6,5,6,52,31,41,39,43,1,7,0
1658,1,0,4,1,6,21,41,44,40,48,3,6,0
1659,0,0,5,5,6,34,45,59,46,42,7,9,0
1660,3,1,6,5,6,18,44,48,44,45,1,3,1
1661,2,1,5,5,6,51,41,58,34,31,8,10,0
1662,0,1,0,5,6,29,39,44,53,40,2,7,0
1663,1,0,5,3,6,29,47,46,46,41,6,8,1
1664,1,1,4,5,6,26,40,44,46,36,4,7,0
1665,1,1,8,5,6,36,43,49,48,41,8,9,1
1666,1,1,6,5,6,30,43,41,55,48,4,5,1
1667,0,0,4,5,6,36,46,56,39,43,8,9,0
1668,1,1,8,0,6,37,37,35,43,48,1,1,0
1669,2,0,5,5,6,42,32,40,37,45,4,7,0
1670,2,1,6,0,6,25,36,41,46,48,6,8,0
1671,3,0,6,5,6,42,34,33,36,43,2,3,1
1672,4,0,6,5,6,42,37,54,49,33,2,5,1
1673,1,1,6,5,6,30,41,42,48,33,3,6,0
1674,1,0,5,4,6,26,43,52,46,47,2,5,0
1675,3,0,5,5,6,31,41,36,41,55,2,2,1
1676,2,0,5,5,6,28,47,31,41,38,3,2,1
1677,1,1,6,5,6,56,24,39,50,37,1,3,0
1678,0,1,4,6,6,49,40,46,48,40,4,5,1
1679,3,1,5,5,6,33,45,34,51,49,2,1,1
1680,0,1,6,5,6,37,44,46,28,52,4,7,0
1681,0,1,6,5,6,35,48,41,46,45,2,4,1
1682,3,1,4,5,6,33,50,40,51,46,2,3,1
1683,3,0,5,5,6,31,43,38,38,41,3,8,1
1684,0,0,4,6,1,37,28,46,46,30,3,5,0
1685,1,0,6,6,6,41,23,49,48,44,3,10,1
1686,0,1,4,6,1,49,25,52,43,33,3,7,0
1687,2,1,5,5,6,26,44,43,47,46,3,5,1
1688,1,1,5,1,6,50,22,38,55,40,2,1,1
1689,1,1,7,6,6,37,46,56,46,40,5,6,1
1690,2,0,4,6,6,46,29,40,33,42,1,4,1
1691,1,0,4,3,6,54,27,47,52,35,4,4,0
1692,1,1,8,5,6,23,45,46,57,40,3,5,1
1693,1,1,6,5,6,43,38,44,46,39,1,5,1
1694,1,1,6,5,6,31,45,39,52,49,1,2,1
1695,3,0,7,5,6,27,38,46,41,39,7,5,1
1696,2,0,5,5,6,31,44,45,42,37,6,5,1
1697,0,0,4,6,6,37,27,43,45,39,2,4,0
1698,4,0,8,5,6,25,40,51,35,49,3,6,1
1699,3,1,6,5,6,42,36,51,42,45,5,3,0
1700,1,1,7,6,6,21,45,51,42,42,3,6,1
1701,0,0,4,6,6,49,33,58,31,27,8,7,0
1702,2,1,6,6,6,54,34,58,48,42,7,10,1
1703,1,1,5,5,6,30,43,32,45,48,2,3,1
1704,0,0,4,6,6,32,35,42,45,33,3,4,1
1705,0,0,3,1,6,40,41,46,37,35,5,6,1
1706,4,0,4,5,6,42,27,38,38,28,5,6,0
1707,0,0,6,5,6,27,42,36,39,53,3,6,0
1708,0,1,5,5,6,31,45,42,49,41,5,3,1
1709,2,1,6,5,6,31,46,40,45,49,4,5,1
1710,3,1,6,5,6,26,48,40,49,41,3,4,1
1711,2,1,3,5,6,28,34,51,37,44,2,5,0
1712,1,1,6,5,6,36,51,50,44,41,7,9,1
1713,2,1,7,5,6,28,44,40,36,44,2,5,1
1714,2,1,8,5,5,17,51,46,47,56,6,5,0
1715,3,1,1,5,6,35,38,34,51,51,1,2,1
1716,3,0,5,5,6,48,43,50,38,48,2,5,0
1717,3,0,7,5,6,34,45,42,38,35,3,4,1
1718,2,1,7,5,5,40,34,53,48,46,2,5,1
1719,3,0,5,5,6,25,42,43,37,43,3,4,1
1720,1,1,6,5,6,36,37,46,49,31,2,6,1
1721,1,1,6,5,6,40,47,38,57,50,1,1,0
1722,1,1,3,5,6,31,41,28,47,49,5,3,1
1723,3,0,6,5,6,35,47,51,49,53,7,8,1
1724,4,0,5,5,6,19,39,36,47,45,3,3,1
1725,3,1,5,5,6,24,41,42,45,46,1,3,1
1726,1,1,1,5,6,25,31,30,54,46,0,0,0
1727,1,1,7,5,6,37,42,50,38,38,0,3,1
1728,0,1,1,5,6,21,42,33,54,47,3,2,0
1729,3,0,7,5,6,28,33,43,40,39,3,4,1
1730,0,0,4,3,6,18,46,46,44,52,0,5,0
1731,1,1,4,5,6,42,30,41,43,36,3,8,1
1732,3,0,7,5,6,32,38,48,42,43,3,5,1
1733,1,0,5,5,6,40,34,40,35,50,4,2,0
1734,3,0,5,5,6,27,38,35,43,43,1,1,1
1735,3,1,5,5,6,26,45,42,49,51,4,6,1
1736,1,1,7,5,6,16,42,30,55,54,3,4,1
1737,2,0,5,5,6,23,46,48,51,44,2,8,1
1738,3,0,5,5,6,24,38,45,46,42,3,4,1
1739,4,1,0,5,6,34,41,41,49,46,2,4,1
1740,1,1,5,5,6,38,40,43,45,42,2,2,0
1741,3,1,6,5,6,27,42,42,42,49,1,0,1
1742,1,1,6,6,6,50,44,52,32,42,1,2,1
1743,2,0,6,5,6,22,45,53,39,38,5,8,1
1744,2,1,7,5,6,30,43,42,41,48,3,3,1
1745,4,1,4,5,6,31,33,36,46,42,2,4,0
1746,1,1,1,5,6,20,46,39,56,55,1,3,0
1747,2,1,7,5,1,33,36,42,44,43,3,2,0
1748,3,1,4,5,6,37,45,49,52,41,4,5,1
1749,0,0,6,6,6,49,35,60,60,36,6,10,1
1750,1,1,2,6,6,58,37,43,30,26,6,5,1
1751,3,0,1,5,6,33,43,40,39,45,3,5,1
1752,1,1,6,6,6,54,44,55,36,37,7,9,1
1753,1,0,6,5,6,29,46,41,55,49,5,4,1
1754,1,1,5,5,6,34,50,46,44,39,6,6,1
1755,0,0,4,6,6,26,41,49,27,30,6,10,0
1756,0,1,3,6,6,46,49,59,40,49,5,8,1
1757,0,0,3,6,6,43,40,55,47,29,5,7,1
1758,2,0,5,5,6,46,37,29,41,47,1,0,1
1759,3,0,7,0,6,27,37,47,38,49,8,7,0
1760,2,0,7,3,6,33,27,46,41,44,3,1,1
1761,3,1,5,5,6,30,42,47,34,48,4,5,1
1762,2,1,5,5,6,33,36,45,41,47,6,7,1
1763,0,0,4,6,6,41,32,46,28,31,2,8,0
1764,0,1,6,3,6,28,32,57,45,57,3,9,0
1765,2,0,1,5,6,45,38,47,45,35,6,9,1
1766,1,1,4,6,6,41,52,55,41,48,2,9,0
1767,1,1,6,6,6,44,31,54,58,44,2,4,1
1768,0,0,4,6,6,39,26,47,51,56,1,4,0
1769,1,1,4,3,6,45,33,54,43,37,3,3,1
1770,2,1,5,5,6,28,43,38,47,42,2,5,1
1771,1,0,6,6,6,31,46,46,46,42,6,10,1
1772,4,0,4,6,6,33,30,45,34,48,5,3,0
1773,0,0,3,6,-4,32,48,53,43,38,5,9,0
1774,1,1,7,6,6,45,44,43,35,36,6,10,1
1775,0,1,3,4,6,44,37,49,46,34,2,7,0
1776,0,0,4,6,6,27,43,49,46,45,2,4,0
1777,0,1,6,6,6,44,32,55,45,49,6,10,1
1778,3,1,1,5,6,46,35,34,41,35,8,10,0
1779,0,1,6,6,6,35,42,46,26,47,6,8,1
1780,3,0,4,6,6,33,40,48,45,40,6,9,0
1781,0,1,6,6,6,49,35,31,34,34,4,7,1
1782,0,0,3,1,6,23,36,35,32,50,2,6,1
1783,1,1,2,5,6,32,43,51,46,50,6,7,1
1784,1,1,4,5,-4,48,34,40,36,35,7,10,1
1785,0,0,4,6,1,46,32,43,42,32,4,7,1
1786,1,1,7,5,6,34,36,43,46,44,1,1,1
1787,0,0,4,6,6,29,59,57,43,36,5,9,1
1788,0,0,6,6,6,41,33,47,48,37,3,9,0
1789,3,1,6,3,6,32,32,45,39,46,2,4,1
1790,0,0,4,6,6,36,39,59,36,30,8,10,1
1791,0,0,2,6,6,37,42,49,35,39,8,6,0
1792,2,1,8,6,6,33,39,51,44,55,1,1,0
1793,0,0,6,6,6,42,29,57,39,57,4,9,1
1794,0,0,4,6,6,31,39,50,54,38,2,3,0
1795,0,1,4,6,6,44,27,60,44,36,8,9,0
1796,1,0,6,3,6,36,44,53,40,47,4,9,1
1797,2,1,1,5,6,43,36,31,38,27,3,4,0
1798,0,0,4,6,6,39,39,57,45,30,7,8,1
1799,0,0,6,6,6,50,29,46,29,36,6,8,0
1800,4,0,7,5,6,30,51,32,36,52,6,7,1
1801,3,0,4,6,6,56,31,46,26,20,3,9,0
1802,1,0,8,6,6,41,50,60,51,53,5,10,1
1803,0,0,7,6,5,28,43,55,50,43,7,7,0
1804,0,0,4,6,6,34,51,53,45,34,6,8,1
1805,0,0,5,6,5,40,39,55,51,37,5,6,0
1806,0,0,4,6,6,44,36,52,46,38,5,9,1
1807,2,1,5,6,6,36,34,40,42,33,5,2,0
1808,2,0,6,6,5,34,33,54,39,29,5,9,1
1809,0,1,7,5,1,40,34,42,44,39,1,1,0
1810,0,1,2,6,6,48,47,53,33,43,6,10,0
1811,0,0,6,6,6,30,31,53,35,48,5,10,1
1812,0,0,4,6,6,22,34,53,43,55,2,5,1
1813,1,1,3,3,6,49,39,49,34,32,6,10,0
1814,1,0,6,3,0,29,44,47,42,38,7,9,0
1815,2,1,6,1,6,45,35,59,40,51,4,9,0
1816,0,1,7,5,6,37,42,39,53,48,2,2,1
1817,3,0,6,5,6,20,40,47,38,41,5,7,1
1818,0,1,4,6,5,35,31,48,50,44,6,8,0
1819,1,1,6,6,6,37,44,50,39,41,8,8,1
1820,0,0,7,6,6,14,55,54,45,51,3,9,1
1821,0,0,4,6,6,51,25,55,39,21,8,5,0
1822,3,1,4,6,6,49,39,49,46,37,8,4,0
1823,0,0,4,6,6,28,42,57,36,36,3,7,0
1824,0,1,4,6,6,48,31,53,41,24,6,5,0
1825,1,0,6,5,0,31,29,42,41,39,5,7,1
1826,0,0,6,6,6,36,32,47,34,42,3,3,1
1827,0,1,6,6,6,38,38,52,51,42,6,6,0
1828,1,1,6,6,6,26,29,47,45,44,3,8,0
1829,1,1,7,6,6,32,47,49,26,41,6,9,1
1830,1,1,6,6,5,44,28,44,33,33,1,2,0
1831,1,1,6,0,6,37,22,48,36,35,2,4,1
1832,0,0,3,3,6,38,40,49,37,27,4,9,1
1833,0,0,6,6,5,14,52,52,45,55,2,6,1
1834,2,1,6,6,6,32,32,48,41,50,3,5,1
1835,1,0,4,6,6,29,44,43,40,44,6,7,1
1836,3,0,6,6,6,42,34,46,40,30,7,8,0
1837,2,1,5,6,6,54,26,52,45,28,6,2,0
1838,2,1,4,6,6,39,29,49,48,40,3,8,0
1839,2,1,5,6,6,35,34,46,47,44,1,0,1
1840,1,1,5,0,6,22,46,57,52,44,7,10,0
1841,4,1,6,6,6,40,44,49,52,41,6,4,0
1842,0,0,4,3,6,37,37,55,41,33,7,9,1
1843,1,0,6,6,5,47,39,54,29,48,5,4,0
1844,3,0,8,5,6,33,34,46,32,41,3,4,1
1845,0,0,4,6,6,30,43,58,51,45,4,8,1
1846,3,0,6,6,6,35,44,50,48,50,3,6,1
1847,0,0,4,6,6,24,48,52,50,49,6,7,1
1848,0,1,6,6,6,51,33,54,37,31,9,10,1
1849,0,1,4,1,6,42,33,49,47,49,8,9,0
1850,3,0,5,6,1,26,33,39,38,47,1,4,0
1851,1,1,6,6,6,55,30,57,48,34,4,2,0
1852,0,0,2,0,6,39,44,44,41,32,6,9,1
1853,1,0,5,6,5,40,46,45,40,47,4,5,1
1854,1,1,7,5,6,34,39,43,41,48,3,8,1
1855,2,0,1,6,6,31,31,43,46,41,3,3,0
1856,0,0,4,6,6,34,48,44,29,45,3,7,1
1857,0,0,4,6,6,22,41,58,41,42,6,7,0
1858,0,0,2,0,6,34,40,50,41,30,7,9,1
1859,2,0,5,3,6,25,47,50,43,43,2,7,0
1860,0,0,4,6,6,39,36,44,33,35,1,8,0
1861,0,0,4,6,6,52,42,56,42,28,9,7,1
1862,0,0,3,6,6,33,42,49,42,41,6,9,0
1863,2,0,4,3,6,32,40,51,45,43,3,8,1
1864,4,1,6,1,6,21,32,53,40,37,2,6,1
1865,1,1,6,6,5,32,40,54,42,45,6,7,1
1866,3,0,0,6,6,43,37,49,36,44,5,7,1
1867,0,1,4,6,6,42,44,60,36,48,6,9,1
1868,1,0,4,6,6,19,40,58,37,45,3,7,1
1869,0,1,5,6,6,36,40,59,39,25,6,9,1
1870,0,1,6,6,6,37,34,55,45,52,2,5,1
1871,0,1,4,6,6,47,37,48,38,41,8,5,1
1872,0,0,4,3,6,30,39,48,32,31,4,7,0
1873,0,0,4,6,6,34,47,55,41,42,4,8,0
1874,1,1,6,3,6,26,46,57,54,50,2,6,1
1875,0,0,3,6,6,46,37,55,36,43,2,7,1
1876,0,0,4,1,6,28,40,59,48,30,6,10,1
1877,0,0,2,6,6,43,31,50,39,39,5,7,1
1878,5,0,4,6,6,55,39,59,49,37,3,6,1
1879,0,0,4,6,3,35,27,50,38,41,7,9,1
1880,1,0,4,1,5,34,36,55,37,36,5,7,1
1881,0,0,2,6,6,50,26,42,31,46,3,9,1
1882,0,0,6,1,6,35,27,52,38,55,2,5,0
1883,0,0,4,3,6,28,42,48,41,40,6,8,0
1884,0,1,4,6,6,25,51,57,48,33,6,10,1
1885,0,0,4,6,6,33,51,50,48,30,6,8,1
1886,1,1,6,6,6,47,30,37,31,31,5,4,0
1887,0,1,4,6,6,45,26,48,32,22,7,9,1
1888,0,0,4,4,6,31,53,56,50,45,6,9,0